title,date,author,number_of_views,url
A Potential Reason Behind Bitcoin's Surge,"Jun 6, 2017",Josh Li,6506,https://cryptocurrencynews.com/daily-news/bitcoin-news/potential-reason-behind-bitcoins-surge/
Bitcoin Just A Bubble? Credit Suisse CEO's Prediction,"Nov 2, 2017",Chelsea Roh,3399,https://cryptocurrencynews.com/daily-news/bitcoin-news/bitcoin-just-a-bubble-credit-suisse-ceos-prediction/
"BREAKING: Bitcoin Soars 6% to $7,400 in just 24 hours","Nov 3, 2017",Chelsea Roh,763,https://cryptocurrencynews.com/daily-news/bitcoin-news/breaking-bitcoin-soars-6-7400-just-24-hours/
Can You Make a Fortune out of Bitcoin? Richard Branson and Bill Gates Seem to Think So,"Nov 6, 2017",Caroline Harris,3684,https://cryptocurrencynews.com/daily-news/bitcoin-news/can-you-make-a-fortune-out-of-bitcoin-richard-branson-and-bill-gates-seem-to-think-so/
"Hard Fork News: Bitcoin SegWit2x Suspended, Price Jumps","Nov 8, 2017",Chelsea Roh,3189,https://cryptocurrencynews.com/daily-news/bitcoin-news/hard-fork-news-bitcoin-2x-suspended-price-jumps/
Study Finds: One-In-Four Millennials Ditching Stocks For Bitcoin,"Nov 9, 2017",Chelsea Roh,524,https://cryptocurrencynews.com/daily-news/bitcoin-news/study-finds-one-in-four-millennials-ditching-stocks-for-bitcoin/
"Bitcoin Is Not A Bubble, Here's Why","Nov 10, 2017",Chelsea Roh,860,https://cryptocurrencynews.com/daily-news/bitcoin-news/bitcoin-is-not-a-bubble-heres-why/
"BREAKING: Bitcoin falls below $7,000!","Nov 10, 2017",Chelsea Roh,873,https://cryptocurrencynews.com/daily-news/bitcoin-news/breaking-bitcoin-falls-below-7000/
"Bitcoin Cash: Up 49%, could it be the new Bitcoin by mid 2018?","Nov 10, 2017",Chelsea Roh,907,https://cryptocurrencynews.com/daily-news/bitcoin-news/bitcoin-cash-up-49-could-it-be-the-new-bitcoin-by-mid-2018/
Bitcoin Death Spiral?,"Nov 14, 2017",Chelsea Roh,1049,https://cryptocurrencynews.com/daily-news/bitcoin-news/bitcoin-death-spiral/
"Bitcoin Cash Upgrade Complete, Bitcoin In Trouble?","Nov 14, 2017",Chelsea Roh,1008,https://cryptocurrencynews.com/daily-news/bitcoin-news/bitcoin-cash-upgrade-complete-bitcoin-in-trouble/
"Chinese Ban on Bitcoin Mining Rumors Circulate, Amidst Official Document Releases","Nov 14, 2017",Jen Jiang,634,https://cryptocurrencynews.com/daily-news/bitcoin-news/chinese-ban-of-bitcoin-mining-rumors-circulate-amidst-official-document-releases/
Wall Street Ready For Bitcoin Futures Introduction,"Nov 14, 2017",Chelsea Roh,726,https://cryptocurrencynews.com/daily-news/bitcoin-news/wall-street-ready-for-bitcoin-futures-introduction/
Bitcoin: Zimbabwe's Only Hope?,"Nov 14, 2017",Chelsea Roh,726,https://cryptocurrencynews.com/daily-news/bitcoin-news/bitcoin-zimbabwes-only-hope/
"Bitcoin Is On The Rise, Back Above $7000","Nov 15, 2017",Chelsea Roh,678,https://cryptocurrencynews.com/daily-news/bitcoin-news/bitcoin-on-the-rise-back-above-7000/
Canada: 2018 Blockchain Digital Identification,"Nov 15, 2017",Chelsea Roh,522,https://cryptocurrencynews.com/daily-news/bitcoin-news/canada-2018-blockchain-digital-identification/
$100 Billion UK Hedgefund Exploring Bitcoin,"Nov 15, 2017",Chelsea Roh,746,https://cryptocurrencynews.com/daily-news/bitcoin-news/100-billion-uk-hedgefund-exploring-bitcoin/
Breaking: Square Inc Making BIG Moves With Bitcoin,"Nov 15, 2017",Chelsea Roh,779,https://cryptocurrencynews.com/daily-news/bitcoin-news/breaking-square-inc-making-big-moves-with-bitcoin/
Extradition Bitcoin Laundering Hearing Causing Rift Between US And Russia Courts,"Nov 15, 2017",Chelsea Roh,767,https://cryptocurrencynews.com/daily-news/bitcoin-news/extradition-bitcoin-laundering-hearing-causing-rift-between-us-and-russia-courts/
Morgan Stanley CEO Rips Bitcoin,"Nov 16, 2017",Chelsea Roh,1092,https://cryptocurrencynews.com/daily-news/bitcoin-news/morgan-stanley-ceo-rips-bitcoin/
Bitcoin Cash Crumble?,"Nov 16, 2017",Chelsea Roh,772,https://cryptocurrencynews.com/daily-news/bitcoin-news/bitcoin-cash-crumble/
How high does Bitcoin's prices have to reach before the typical Bitcoin investor sells it?,"Nov 16, 2017",Chelsea Roh,473,https://cryptocurrencynews.com/daily-news/bitcoin-news/how-high-does-bitcoins-prices-have-to-reach-before-the-typical-bitcoin-investor-sells-it/
Switzerland: Two New Bitcoin Futures Projects Emerge,"Nov 17, 2017",Chelsea Roh,3248,https://cryptocurrencynews.com/daily-news/bitcoin-news/switzerland-two-new-bitcoin-futures-projects-emerge/
"BREAKING: Bitcoin Reaches $8,000","Nov 17, 2017",Chelsea Roh,536,https://cryptocurrencynews.com/daily-news/bitcoin-news/breaking-bitcoin-reaches-8000/
First Bitcoin Litecoin Network Swap Success,"Nov 17, 2017",Chelsea Roh,1136,https://cryptocurrencynews.com/daily-news/bitcoin-news/first-bitcoin-litecoin-network-swap-success/
"All-Time High: Bitcoin Breaks Over $8,200","Nov 20, 2017",Chelsea Roh,522,https://cryptocurrencynews.com/daily-news/bitcoin-news/all-time-high-bitcoin-breaks-over-8200/
Square: Credit Suisse Analyst Says Company Will Make $30 Million From Bitcoin,"Nov 20, 2017",Chelsea Roh,553,https://cryptocurrencynews.com/daily-news/bitcoin-news/square-credit-suisse-analyst-says-company-will-make-30-million-from-bitcoin/
CME Bitcoin Trades Set For December 11th,"Nov 20, 2017",Chelsea Roh,610,https://cryptocurrencynews.com/daily-news/bitcoin-news/breaking-cme-bitcoin-trades-set-for-december-11th/
"Russia: Bitcoin Will ""Never"" Be Legal","Nov 20, 2017",Chelsea Roh,768,https://cryptocurrencynews.com/daily-news/bitcoin-news/russia-bitcoin-will-never-be-legal/
"Capital Management Founder Projects Bitcoin To Reach $400,000","Nov 20, 2017",Chelsea Roh,558,https://cryptocurrencynews.com/daily-news/bitcoin-news/capital-management-founder-projects-bitcoin-to-reach-400000/
Another Heist? $30 Million Worth Of Bitcoin Stolen on Tether,"Nov 21, 2017",Chelsea Roh,4083,https://cryptocurrencynews.com/daily-news/bitcoin-news/another-heist-30-million-worth-of-bitcoin-stolen-on-tether/
Hacker Completely Crippled Sacramento Regional Transit and Ransomed For One Bitcoin,"Nov 21, 2017",Chelsea Roh,472,https://cryptocurrencynews.com/daily-news/bitcoin-news/hacker-completely-crippled-sacramento-regional-transit-and-ransomed-for-one-bitcoin/
Breaking: First Bitcoin Mutual Fund Launches In Europe,"Nov 22, 2017",Chelsea Roh,543,https://cryptocurrencynews.com/daily-news/bitcoin-news/breaking-first-bitcoin-mutual-fund-launches-europe/
"Keiser Predicts Bitcoin To Reach $100,000","Nov 23, 2017",Chelsea Roh,612,https://cryptocurrencynews.com/daily-news/bitcoin-news/keiser-predicts-bitcoin-to-reach-100000/
Bitcoin Cash Back Above $1500,"Nov 23, 2017",Chelsea Roh,653,https://cryptocurrencynews.com/daily-news/bitcoin-news/bitcoin-cash-back-above-1500/
GPU Manufacturing Companies Benefit from Boost in Bitcoin,"Nov 27, 2017",Samara Malkin,920,https://cryptocurrencynews.com/daily-news/bitcoin-news/gpu-manufacturing-companies-benefit-from-boost-in-bitcoin/
"Lost Hard Drive Full of 7,500 Bitcoins Now Worth $72 Million","Nov 27, 2017",Samara Malkin,911,https://cryptocurrencynews.com/daily-news/bitcoin-news/lost-hard-drive-full-of-7500-bitcoins-now-worth-72-million/
Credit Suisse Predicts Square App to See Notable $30 Million Revenue Gains Due to Bitcoin Incorporation,"Nov 27, 2017",Jen Jiang,432,https://cryptocurrencynews.com/daily-news/bitcoin-news/credit-suisse-predicts-square-app-to-see-notable-30-million-revenue-gains-due-to-bitcoin-incorporation/
Iran Welcomes the Use of Bitcoin Through Regulation,"Nov 27, 2017",Samara Malkin,746,https://cryptocurrencynews.com/daily-news/bitcoin-news/iran-welcomes-the-use-of-bitcoin-through-regulation/
"Bitcoin Price At Second New All-Time High in Past 24 Hours: $9,771","Nov 27, 2017",Jen Jiang,396,https://cryptocurrencynews.com/daily-news/bitcoin-news/bitcoin-price-at-second-new-all-time-high-in-past-24-hours-9771/
Bitcoin To Reach 12.6 Million Viewers On Popular 'Big Bang Theory' Tv Show,"Nov 27, 2017",Chelsea Roh,1035,https://cryptocurrencynews.com/daily-news/bitcoin-news/bitcoin-to-reach-12-6-million-viewers-on-popular-big-bang-theory-tv-show/
The Bitcoin Mining Network's Estimated Power Use Exceeds That of 19 European Countries,"Nov 27, 2017",Jen Jiang,561,https://cryptocurrencynews.com/daily-news/bitcoin-news/the-bitcoin-mining-networks-estimated-power-use-exceeds-that-of-19-european-countries/
Bitcoin To Become a Safe Haven For Investors During Next StockMarket Crash?,"Nov 27, 2017",Chelsea Roh,631,https://cryptocurrencynews.com/daily-news/bitcoin-news/bitcoin-to-become-safe-haven-for-investors-during-next-stockmarket-crash/
Bitcoin Gold May Drop,"Nov 27, 2017",Samara Malkin,535,https://cryptocurrencynews.com/daily-news/bitcoin-news/bitcoin-gold-may-drop/
"Bitcoin Reaches $10,000","Nov 28, 2017",Chelsea Roh,730,https://cryptocurrencynews.com/daily-news/bitcoin-news/bitcoin-reaches-10000/
Tesla's CEO Elon Musk the creator of Bitcoin?,"Nov 28, 2017",Chelsea Roh,1340,https://cryptocurrencynews.com/daily-news/bitcoin-news/teslas-ceo-elon-musk-the-creator-of-bitcoin/
Will the Oversupply of Bitcoin Burst the Bubble? One Analyst Says Yes,"Nov 28, 2017",Caroline Harris,777,https://cryptocurrencynews.com/daily-news/bitcoin-news/will-the-oversupply-of-bitcoin-burst-the-bubble-one-analyst-says-yes/
More People than Ever Before Looking Up Bitcoin on the Internet,"Nov 28, 2017",Samara Malkin,643,https://cryptocurrencynews.com/daily-news/bitcoin-news/more-people-than-ever-before-looking-up-bitcoin-on-the-internet/
The Search for Bitcoin Founder Satoshi Nakamoto Continues,"Nov 28, 2017",Chelsea Roh,1093,https://cryptocurrencynews.com/daily-news/bitcoin-news/the-search-for-bitcoin-founder-satoshi-nakamoto-continues/
"Bitcoin's Market Value Just Passed Disney, Yes Disney","Nov 28, 2017",Chelsea Roh,753,https://cryptocurrencynews.com/daily-news/bitcoin-news/bitcoins-market-value-just-passed-disney-yes-disney/
"Bitcoin Passes $11,000","Nov 29, 2017",Chelsea Roh,700,https://cryptocurrencynews.com/daily-news/bitcoin-news/bitcoin-passes-11000/
"DASH Reaches $800, up 17%","Nov 29, 2017",Chelsea Roh,494,https://cryptocurrencynews.com/daily-news/bitcoin-news/dash-reaches-800-up-17/
Ukrainian Shipper Negotiating First Ever Bitcoin Transaction,"Nov 30, 2017",Caroline Harris,545,https://cryptocurrencynews.com/daily-news/bitcoin-news/ukrainian-shipper-negotiating-first-ever-bitcoin-transaction/
Sir Jon Cunliffe: Bitcoin is No Threat to the Worldwide Economy,"Nov 30, 2017",Caroline Harris,402,https://cryptocurrencynews.com/daily-news/bitcoin-news/sir-jon-cunliffe-bitcoin-is-no-threat-to-the-worldwide-economy/
"Breaking News! Bitcoin's Value Drops $2,000","Nov 30, 2017",Chelsea Roh,657,https://cryptocurrencynews.com/daily-news/bitcoin-news/breaking-news-bitcoins-value-drops-2000/
Gibraltar Makes Massive Announcement at BlockShow Asia 2017,"Nov 30, 2017",Caroline Harris,495,https://cryptocurrencynews.com/daily-news/bitcoin-news/gibraltar-makes-massive-announcement-at-blockshow-asia-2017/
Bitcoin Gold Attacked by Hackers,"Nov 30, 2017",Samara Malkin,636,https://cryptocurrencynews.com/daily-news/bitcoin-news/bitcoin-gold-attacked-by-hackers/
Goldman CEO View: Bitcoin Not Valid Currency,"Nov 30, 2017",Samara Malkin,2312,https://cryptocurrencynews.com/daily-news/bitcoin-news/goldman-ceo-view-bitcoin-not-valid-currency/
"Turkey Declares Bitcoin ""Not Compatible"" for Muslims","Nov 30, 2017",Caroline Harris,1018,https://cryptocurrencynews.com/daily-news/bitcoin-news/turkey-declares-bitcoin-not-compatible-for-muslims/
PwC Accepts First Bitcoin Payment,"Nov 30, 2017",Samara Malkin,669,https://cryptocurrencynews.com/daily-news/bitcoin-news/pwc-accepts-first-bitcoin-payment/
Dr. Joseph Stiglitz Declares That Bitcoin Should be Banned,"Nov 30, 2017",Caroline Harris,827,https://cryptocurrencynews.com/daily-news/bitcoin-news/dr-joseph-stiglitz-declares-that-bitcoin-should-be-banned/
"Bitcoin Back Above $10,500","Dec 1, 2017",Chelsea Roh,522,https://cryptocurrencynews.com/daily-news/bitcoin-news/bitcoin-back-above-10500/
"How did Bitcoin Reach $10,000?","Dec 1, 2017",Samara Malkin,551,https://cryptocurrencynews.com/daily-news/bitcoin-news/how-did-bitcoin-reach-10000/
Bitcoin Futures Get The Green Light,"Dec 1, 2017",Chelsea Roh,570,https://cryptocurrencynews.com/daily-news/bitcoin-news/bitcoin-futures-get-the-green-light/
Nobel Laureate Robert J. Shiller Believes Bitcoin Will Crash,"Dec 2, 2017",Caroline Harris,599,https://cryptocurrencynews.com/daily-news/bitcoin-news/nobel-laureate-robert-j-shiller-believes-bitcoin-will-crash/
Press Secretary Sanders Confirms White House is Watching Bitcoin,"Dec 2, 2017",Caroline Harris,574,https://cryptocurrencynews.com/daily-news/bitcoin-news/press-secretary-sanders-confirms-white-house-is-watching-bitcoin/
U.S. Senate Working On Bill S.1241; A Proposed Law That Will Criminalize the Suppression of Digital Currencies Ownership,"Dec 2, 2017",Caroline Harris,909,https://cryptocurrencynews.com/daily-news/bitcoin-news/u-s-senate-working-on-bill-s-1241-a-proposed-law-that-will-criminalize-the-suppression-of-digital-currencies-ownership/
"Bitcoin Reaches New High By Exceeding $11,700 Mark","Dec 3, 2017",Caroline Harris,499,https://cryptocurrencynews.com/daily-news/bitcoin-news/bitcoin-reaches-new-high-by-exceeding-11700-mark/
MGT Capital's John McAfee Increases 2020 Bitcoin Price Target to $1M,"Dec 3, 2017",Caroline Harris,784,https://cryptocurrencynews.com/daily-news/bitcoin-news/mgt-capitals-john-mcafee-increases-2020-bitcoin-price-target-to-1m/
Billionaire Ken Griffin Compares Bitcoin's Price to Dutch Tulip Bulb Market Bubble,"Dec 3, 2017",Caroline Harris,501,https://cryptocurrencynews.com/daily-news/bitcoin-news/billionaire-ken-griffin-compares-bitcoins-price-to-dutch-tulip-bulb-market-bubble/
CME Group Ready to Conclude Integration of its Bitcoin Futures Exchange by Dec. 17,"Dec 3, 2017",Caroline Harris,715,https://cryptocurrencynews.com/daily-news/bitcoin-news/cme-group-ready-to-conclude-integration-of-its-bitcoin-futures-exchange-by-dec-17/
Bitcoin Just Made The US Olympic Winklevoss Twins Billionaires,"Dec 4, 2017",Chelsea Roh,3287,https://cryptocurrencynews.com/daily-news/bitcoin-news/bitcoin-just-made-the-us-olympic-winklevoss-twins-billionaires/
"Bitcoin Still Above $11,000","Dec 4, 2017",Chelsea Roh,552,https://cryptocurrencynews.com/daily-news/bitcoin-news/bitcoin-still-11000/
Tesla S Owner Mines Bitcoin In The Trunk Of His Car,"Dec 4, 2017",Chelsea Roh,822,https://cryptocurrencynews.com/daily-news/bitcoin-news/tesla-s-owner-mines-bitcoin-in-the-trunk-of-his-car/
Bitcoin Mining Could Consume All of the World's Electricity Supply By 2020,"Dec 4, 2017",Samara Malkin,4004,https://cryptocurrencynews.com/daily-news/bitcoin-news/bitcoin-mining-could-consume-all-of-the-worlds-electricity-supply-by-2020/
Indonesia Will Ban Bitcoin in 2018,"Dec 4, 2017",Samara Malkin,3894,https://cryptocurrencynews.com/daily-news/bitcoin-news/indonesia-will-ban-bitcoin-in-2018/
"Bitcoin Hits $12,000 And Reaches Above $200 Billion","Dec 5, 2017",Chelsea Roh,604,https://cryptocurrencynews.com/daily-news/bitcoin-news/bitcoin-hits-12000-and-reaches-above-200-billion/
Bitfinex Plans to Sue Critics,"Dec 5, 2017",Samara Malkin,613,https://cryptocurrencynews.com/daily-news/bitcoin-news/bitfinex-plans-to-sue-critics/
Hedge Funds May Begin Betting Against Bitcoin,"Dec 6, 2017",Chelsea Roh,809,https://cryptocurrencynews.com/daily-news/bitcoin-news/hedge-funds-may-begin-betting-against-bitcoin/
Airline Carrier Now Accepting Bitcoin and Ethereum Payments,"Dec 6, 2017",Samara Malkin,720,https://cryptocurrencynews.com/daily-news/crypto-news/airline-carrier-now-accepting-bitcoin-and-ethereum-payments/
New App Developed to Warn of Bitcoin Crash,"Dec 6, 2017",Samara Malkin,834,https://cryptocurrencynews.com/daily-news/bitcoin-news/new-app-developed-to-warn-of-bitcoin-crash/
South Africa Now Allows Traffic Fines to be Paid by Bitcoin,"Dec 6, 2017",Samara Malkin,2791,https://cryptocurrencynews.com/daily-news/bitcoin-news/south-africa-now-allows-traffic-fines-to-be-paid-by-bitcoin/
Paypal Co-Founder Fan Of Blockchain But Still Unsure About Bitcoin,"Dec 6, 2017",Chelsea Roh,637,https://cryptocurrencynews.com/daily-news/bitcoin-news/paypal-co-founder-fan-of-blockchain-but-still-unsure-about-bitcoin/
"Bitcoin Reaches $13,000, How High Will It Go?","Dec 6, 2017",Chelsea Roh,561,https://cryptocurrencynews.com/daily-news/bitcoin-news/bitcoin-reaches-13000-how-high-will-it-go/
"$96 Million Of Bitcoin Burried At A Landfill, Owner Plans To Dig It Up","Dec 6, 2017",Chelsea Roh,869,https://cryptocurrencynews.com/daily-news/bitcoin-news/96-million-of-bitcoin-burried-at-a-landfill-owner-plans-to-dig-it-up/
UK Rolls-Royce Owner Puts Car Up For Sale In Exchange For Bitcoin,"Dec 6, 2017",Chelsea Roh,843,https://cryptocurrencynews.com/daily-news/bitcoin-news/uk-rolls-royce-owner-puts-car-up-for-sale-in-exchange-for-bitcoin/
UK Singer Lilly Allen Could've Been A Billionaire With Bitcoin Gig,"Dec 6, 2017",Chelsea Roh,907,https://cryptocurrencynews.com/daily-news/bitcoin-news/uk-singer-lilly-allen-couldve-been-a-billionaire-with-bitcoin-gig/
Federal Reserve Nominee Driving Up Bitcoin's Price?,"Dec 6, 2017",Chelsea Roh,546,https://cryptocurrencynews.com/daily-news/bitcoin-news/federal-reserve-nominee-driving-up-bitcoins-price/
"Breaking! BITCOIN Grows 20% In Just 24 Hours, Smashing Above $14,000","Dec 6, 2017",Chelsea Roh,1131,https://cryptocurrencynews.com/daily-news/bitcoin-news/bitcoin-grows-20-in-just-24-hours-smashing-above-14000/
"Bitcoin Back Above $18,000 After Coinbase and GDAX Crash","Dec 7, 2017",Chelsea Roh,606,https://cryptocurrencynews.com/daily-news/bitcoin-news/bitcoin-back-above-18000-after-coinbase-and-gdax-crash/
"Bitcoin Reaches Above $19,500 On GDAX, Smashes Records","Dec 7, 2017",Chelsea Roh,2410,https://cryptocurrencynews.com/daily-news/bitcoin-news/bitcoin-reaches-above-19500-on-gdax-smashes-records/
Bitcoin Marketplace NiceHash Hacked - Over $64 Million Stolen,"Dec 7, 2017",Samara Malkin,589,https://cryptocurrencynews.com/daily-news/bitcoin-marketplace-nicehash-hacked-over-64-million-stolen/
Bank of America Gets Approval Of Cryptocurrency Exchange Patent,"Dec 7, 2017",Chelsea Roh,979,https://cryptocurrencynews.com/daily-news/crypto-news/bank-of-america-gets-approval-of-cryptocurrency-exchange-patent/
Wall Street Banks are Saying 'No' to the Bitcoin Futures Contracts,"Dec 7, 2017",Samara Malkin,568,https://cryptocurrencynews.com/daily-news/crypto-news/wall-street-banks-are-saying-no-to-the-bitcoin-futures-contracts/
Coinbase Not Growing Fast Enough?,"Dec 7, 2017",Chelsea Roh,2845,https://cryptocurrencynews.com/daily-news/crypto-news/coinbase-not-growing-fast-enough/
Valve No Longer Accepts Bitcoin as Payment,"Dec 7, 2017",Samara Malkin,598,https://cryptocurrencynews.com/daily-news/bitcoin-news/valve-no-longer-accepts-bitcoin-as-payment/
Bulgarian Law Enforcement Holding $3 Billion of Bitcoin of Bitcoin,"Dec 7, 2017",Chelsea Roh,768,https://cryptocurrencynews.com/daily-news/bitcoin-news/bulgarian-law-enforcement-holding-3-billion-of-bitcoin-of-bitcoin/
Is Bitcoin Like The American Revolution Currency?,"Dec 8, 2017",Chelsea Roh,485,https://cryptocurrencynews.com/daily-news/bitcoin-news/is-bitcoin-like-the-american-revolution-currency/
Bitcoin Community Raises $1.6M for Bitcoin Expert Andreas Antonopoulos,"Dec 9, 2017",Caroline Harris,771,https://cryptocurrencynews.com/daily-news/bitcoin-news/bitcoin-community-raises-1-6m-for-bitcoin-expert-andreas-antonopoulos/
Tyler and Cameron Winklevoss Forecast the Bitcoin Market will Pass Trillions of Dollars,"Dec 9, 2017",Caroline Harris,720,https://cryptocurrencynews.com/daily-news/bitcoin-news/tyler-and-cameron-winklevoss-forecast-the-bitcoin-market-will-pass-trillions-of-dollars/
A Parcel Bomber in Germany Just Demanded His/Her Ransom to be Paid in Bitcoin,"Dec 9, 2017",Caroline Harris,778,https://cryptocurrencynews.com/daily-news/bitcoin-news/a-parcel-bomber-in-germany-just-demanded-hisher-ransom-to-be-paid-in-bitcoin/
Bitcoin Prices Surge After CBOE Begins Futures Trading,"Dec 10, 2017",Caroline Harris,496,https://cryptocurrencynews.com/daily-news/bitcoin-news/bitcoin-prices-surge-after-cboe-begins-futures-trading/
ETF Fund Provider VanEck Files Bitcoin ETF Application,"Dec 11, 2017",Caroline Harris,1028,https://cryptocurrencynews.com/daily-news/bitcoin-news/etf-fund-provider-vaneck-files-bitcoin-etf-application/
Bitcoin Platinum Turns Out to Be a Scam,"Dec 11, 2017",Samara Malkin,674,https://cryptocurrencynews.com/daily-news/bitcoin-news/bitcoin-platinum-turns-out-to-be-a-scam/
"Bitcoin Takes On Wall Street, Bitcoin Futures Officially Launched Last Night","Dec 11, 2017",Chelsea Roh,593,https://cryptocurrencynews.com/daily-news/bitcoin-takes-on-wall-street-bitcoin-futures-officially-launched-last-night/
"Russia, China, and Iran Working Out Deals To Trade Oil With Cryptocurrency","Dec 11, 2017",Chelsea Roh,4620,https://cryptocurrencynews.com/daily-news/crypto-news/russia-china-and-iran-working-out-deals-to-trade-oil-with-cryptocurrency/
People Have Started Taking Out Mortgages to Buy Bitcoin,"Dec 11, 2017",Samara Malkin,714,https://cryptocurrencynews.com/daily-news/crypto-news/people-have-started-taking-out-mortgages-to-buy-bitcoin/
Nokia Wants to Use Blockchain to Give Individuals More Control Over Their Personal Health Data,"Dec 11, 2017",Samara Malkin,636,https://cryptocurrencynews.com/daily-news/crypto-news/nokia-wants-to-use-blockchain-to-give-individuals-more-control-over-their-personal-health-data/
Litecoin Breaks $200,"Dec 11, 2017",Chelsea Roh,687,https://cryptocurrencynews.com/daily-news/crypto-news/litecoin-breaks-200/
UBS Will Be Launching a Live Ethereum Platform,"Dec 11, 2017",Samara Malkin,1294,https://cryptocurrencynews.com/daily-news/crypto-news/ubs-will-be-launching-a-live-ethereum-platform/
PlexCoin Founder Jailed,"Dec 11, 2017",Samara Malkin,7253,https://cryptocurrencynews.com/daily-news/crypto-news/plexcoin-founder-jailed/
Korean Banking Behemoth NH Bank Joins Forces with R3 Blockchain Consortium,"Dec 11, 2017",Caroline Harris,610,https://cryptocurrencynews.com/daily-news/crypto-news/korean-banking-behemoth-nh-bank-joins-forces-with-r3-blockchain-consortium/
Bitcoin Cash Debit Card Launching Soon,"Dec 12, 2017",Chelsea Roh,1014,https://cryptocurrencynews.com/daily-news/crypto-news/bitcoin-cash-debit-card-launching-soon/
"Litecoin Breaks $330, Up 75% For The Day","Dec 12, 2017",Chelsea Roh,423,https://cryptocurrencynews.com/daily-news/crypto-news/litecoin-breaks-330-up-75-for-the-day/
"DASH Hits Record High and Now Offered At 13,000 Locations","Dec 12, 2017",Chelsea Roh,450,https://cryptocurrencynews.com/daily-news/crypto-news/dash-hits-record-high-and-now-offered-at-13000-locations/
SEC Chairman Weighs In On Cryptocurrency Futures,"Dec 12, 2017",Chelsea Roh,487,https://cryptocurrencynews.com/daily-news/crypto-news/sec-chairman-weighs-in-on-cryptocurrency-futures/
Belarus Rolls Out Blockchain Legislation,"Dec 12, 2017",Chelsea Roh,532,https://cryptocurrencynews.com/daily-news/crypto-news/belarus-rolls-out-blockchain-legislation/
"IOTA Drops 15 Percent, No Partnership With Microsoft After All","Dec 13, 2017",Chelsea Roh,954,https://cryptocurrencynews.com/daily-news/crypto-news/iota-drops-15-percent-no-partnership-with-microsoft-after-all/
2018 Is Going to Be the Year for Bitcoin Cash,"Dec 13, 2017",Chelsea Roh,3311,https://cryptocurrencynews.com/daily-news/bitcoin-news/2018-going-year-bitcoin-cash/
eBay Considering Adding Bitcoin,"Dec 13, 2017",Chelsea Roh,2392,https://cryptocurrencynews.com/daily-news/bitcoin-news/ebay-considering-adding-bitcoin/
Bitcoin To Replace Banks? Israel's PM Thinks So,"Dec 14, 2017",Chelsea Roh,605,https://cryptocurrencynews.com/daily-news/bitcoin-news/bitcoin-to-replace-banks-israels-pm-thinks-so/
"The ""Wolf of Wall Street"" Weighs In On Bitcoin and ICOs","Dec 14, 2017",Chelsea Roh,875,https://cryptocurrencynews.com/daily-news/bitcoin-news/wolf-wall-street-weighs-bitcoin-icos/
Fundstrat Co-Founder Tom Lee Believes Price of Bitcoin Will Continue to Increase,"Dec 15, 2017",Caroline Harris,3412,https://cryptocurrencynews.com/daily-news/bitcoin-news/fundstrat-co-founder-tom-lee-believes-price-of-bitcoin-will-continue-to-increase/
Greece's Supreme Court Supports Vinnik's Extradition To US To Account For His $4 Billion USD Laundered,"Dec 15, 2017",Chelsea Roh,453,https://cryptocurrencynews.com/daily-news/bitcoin-news/greeces-supreme-court-supports-vinniks-extradition-to-us-to-account-for-his-4-billion-usd-laundered/
The Japanese Company GMO Internet Wants to Pay Its Employees in Bitcoin,"Dec 15, 2017",Samara Malkin,1006,https://cryptocurrencynews.com/daily-news/bitcoin-news/japanese-company-gmo-internet-wants-pay-employees-bitcoin/
eGaming Platform Wild Crypto Selects New CEO Ahead of January 20 Launch,"Dec 15, 2017",Caroline Harris,1532,https://cryptocurrencynews.com/daily-news/crypto-news/egaming-platform-wild-crypto-selects-new-ceo-ahead-of-january-20-launch/
"Bitcoin Cash Comeback? On The Rise and Breaks $2,000","Dec 18, 2017",Chelsea Roh,1056,https://cryptocurrencynews.com/daily-news/crypto-news/bitcoin-cash-comeback-on-the-rise-and-breaks-2000/
What is Augur (REP)?,"Dec 19, 2017",Chelsea Roh,2859,https://cryptocurrencynews.com/daily-news/crypto-news/what-is-augur-rep/
"Why DASH? Breaks Over $1,250","Dec 19, 2017",Chelsea Roh,782,https://cryptocurrencynews.com/daily-news/crypto-news/why-dash-breaks-over-1250/
Coinbase Investigates Insider Trading As Bitcoin Cash Skyrockets In Price Prior To Launch,"Dec 20, 2017",Chelsea Roh,3008,https://cryptocurrencynews.com/daily-news/crypto-news/coinbase-investigates-insider-trading-as-bitcoin-cash-skyrockets-in-price-prior-to-launch/
"Charlie Lee Just Sold All Of His Litecoin, BIG News For The Altcoin","Dec 20, 2017",Chelsea Roh,3792,https://cryptocurrencynews.com/daily-news/crypto-news/charlie-lee-just-sold-all-of-his-litecoin-big-news-for-the-altcoin/
Paragon (PRG) Reaches Highs Over 1111% In Just 12 Hours,"Dec 21, 2017",Chelsea Roh,1564,https://cryptocurrencynews.com/daily-news/crypto-news/paragon-prg-reaches-highs-over-1111-in-just-12-hours/
NYSE Files for Bitcoin Future Contracts ETFs with SEC,"Dec 21, 2017",Samara Malkin,796,https://cryptocurrencynews.com/daily-news/crypto-news/nyse-files-for-bitcoin-future-contracts-etfs-with-sec/
"Rough Day For Cryptocurrency, Top 14 Suffer Major Losses","Dec 22, 2017",Chelsea Roh,1209,https://cryptocurrencynews.com/daily-news/crypto-news/rough-day-for-cryptocurrency-top-14-suffer-major-losses/
"Bitcoin Drops, But Investors Are Encouraged to Hold","Dec 22, 2017",Samara Malkin,3234,https://cryptocurrencynews.com/daily-news/bitcoin-news/bitcoin-drops-but-investors-are-encouraged-to-hold/
This Long-Time Bitcoin Analyst Believes the Digital Currency Will Continue to Have Price Fluctuations Next Year,"Dec 27, 2017",Caroline Harris,635,https://cryptocurrencynews.com/daily-news/bitcoin-news/this-long-time-bitcoin-analyst-believes-the-digital-currency-will-continue-to-have-price-fluctuations-next-year/
Secretary of the Commonwealth of Massachusetts Says Virtual Currency Bitcoin is 100% Speculation,"Dec 27, 2017",Caroline Harris,1177,https://cryptocurrencynews.com/daily-news/bitcoin-news/secretary-of-the-commonwealth-of-massachusetts-says-virtual-currency-bitcoin-is-100-speculation/
Bitcoin Drops Again in Price - Is the Slump Ever Going to End or Are We Leaving the Digital Currency in 2017?,"Dec 28, 2017",Caroline Harris,1548,https://cryptocurrencynews.com/daily-news/bitcoin-news/bitcoin-drops-again-in-price-is-the-slump-ever-going-to-end-or-are-we-leaving-the-digital-currency-in-2017/
Exmo Leading Analyst Returned Friday after Being Kidnapped on Dec. 26,"Dec 29, 2017",Caroline Harris,812,https://cryptocurrencynews.com/daily-news/bitcoin-news/exmo-leading-analyst-returned-friday-after-being-kidnapped-on-dec-26/
Bitcoin Grabs the Number Two Spot on Google's Top Searches in 2017 List,"Dec 29, 2017",Caroline Harris,649,https://cryptocurrencynews.com/daily-news/bitcoin-news/bitcoin-grabs-the-number-two-spot-on-googles-top-searches-in-2017-list/
"Bitcoin: A Year in Review - Plus, Where Will It Go in 2018?","Jan 2, 2018",Samara Malkin,3541,https://cryptocurrencynews.com/daily-news/bitcoin-news/bitcoin-a-year-in-review-plus-where-will-it-go-in-2018/
How many Bitcoin Billionaires Are There?,"Jan 2, 2018",Samara Malkin,5954,https://cryptocurrencynews.com/daily-news/bitcoin-news/how-many-bitcoin-billionaires-are-there/
"Bitcoin is Akin to Gambling, Causing Egypt to Ban It","Jan 3, 2018",Samara Malkin,3176,https://cryptocurrencynews.com/daily-news/bitcoin-news/bitcoin-is-akin-to-gambling-causing-egypt-to-ban-it/
Bitcoin Rally? Up 13% For The Day,"Jan 5, 2018",Chelsea Roh,607,https://cryptocurrencynews.com/daily-news/bitcoin-news/bitcoin-rally-up-13-for-the-day/
Bitcoin Dips For The Second Straight Session,"Jan 9, 2018",Siraj Sarwar,851,https://cryptocurrencynews.com/daily-news/bitcoin-dips-for-the-second-straight-session/
Tron (TRX) Hit With Plagirization Accusations,"Jan 9, 2018",Chelsea Roh,4615,https://cryptocurrencynews.com/daily-news/crypto-news/tron-trx-hit-with-plagirization-accusations/
Cryptocurrencies Are Making Big Swings – Here’s What to Expect,"Jan 9, 2018",Siraj Sarwar,2984,https://cryptocurrencynews.com/daily-news/cryptocurrencies-are-making-big-swings-heres-what-to-expect/
Big Corporations Are Clicking Into the Blockchain Technologies,"Jan 9, 2018",Siraj Sarwar,4612,https://cryptocurrencynews.com/daily-news/big-corporations-clicking-blockchain-technologies/
What Is The KODAKCoin and How Will It Change Photography?,"Jan 10, 2018",Chelsea Roh,3781,https://cryptocurrencynews.com/daily-news/what-is-the-kodakcoin-and-how-will-it-change-photography/
"Dogecoin Is Still Down -13.30%, After Turbulent Start To The Week","Jan 10, 2018",Ed Browne,4375,https://cryptocurrencynews.com/daily-news/dogecoin-is-still-down-13-30-after-turbulent-start-to-the-week/
Ethereum and Bitcoin Cash Are Soaring Despite A Broader Selloff,"Jan 10, 2018",Siraj Sarwar,2984,https://cryptocurrencynews.com/daily-news/ethereum-and-bitcoin-cash-are-soaring-despite-a-broader-selloff/
Ripple Plunges For Third Straight Session – Here’s What To Expect?,"Jan 10, 2018",Siraj Sarwar,3775,https://cryptocurrencynews.com/daily-news/ripple-plunges-for-third-straight-session-heres-what-to-expect/
"Ethereum Reaches $1,400, Despite Its Major Issues","Jan 10, 2018",Chelsea Roh,16355,https://cryptocurrencynews.com/daily-news/ethereum-news/ethereum-reaches-1400-despite-its-major-issues/
Why Is Ethereum Outperforming Other Cryptocurrencies?,"Jan 12, 2018",Siraj Sarwar,18032,https://cryptocurrencynews.com/daily-news/ethereum-news/ethereum-outperforming-cryptocurrencies/
"Mark Cuban, the NBA's Dallas Mavericks Owner, Will Accept Bitcoin (BTC) and Ether (ETH) For Tickets","Jan 16, 2018",Chelsea Roh,20682,https://cryptocurrencynews.com/daily-news/mark-cuban-the-nbas-dallas-mavericks-owner-will-accept-bitcoin-btc-and-ether-eth-for-tickets/
Is The Cryptocurrency Market Entering A Mature Stage?,"Jan 16, 2018",Jackson Chen,4792,https://cryptocurrencynews.com/daily-news/is-the-cryptocurrency-market-entering-a-mature-stage/
"Bitcoin Fell below $10,000 Mark – Here’s Why?","Jan 17, 2018",Siraj Sarwar,870,https://cryptocurrencynews.com/daily-news/bitcoin-fell-below-10000-mark-heres-why/
Alibaba Launches Crypto Mining Platform Despite Chinese Government Restrictions,"Jan 17, 2018",Jackson Chen,7536,https://cryptocurrencynews.com/daily-news/alibaba-launches-crypto-mining-platform-despite-chinese-government-restrictions/
The Dramatic Cryptocurrency Selloff Wiped off $200B in Two Days,"Jan 17, 2018",Siraj Sarwar,3041,https://cryptocurrencynews.com/daily-news/the-dramatic-cryptocurrency-selloff-wiped-off-200b-in-two-days/
New Cryptocurrency Day Traders Are Losing Thousands but ICOs Are Thriving,"Jan 17, 2018",Chelsea Roh,3989,https://cryptocurrencynews.com/daily-news/new-cryptocurrency-day-traders-are-losing-thousands-but-icos-are-thriving/
BREAKING: Japan's Largest Bank Set To Open Crypto Exchange Despite Bear Market,"Jan 17, 2018",Chelsea Roh,4096,https://cryptocurrencynews.com/daily-news/exchanges/breaking-japans-largest-bank-set-to-open-crypto-exchange-despite-bear-market/
Coincheck Exchange Will Repay Hack Victims | Hackers Stole Over $500M,"Jan 30, 2018",Chelsea Roh,6925,https://cryptocurrencynews.com/daily-news/exchanges/breaking-coincheck-repay-exchange-hack/
Crypto Exchange | Traders Should Take Responsibility for Risk,"Feb 13, 2018",Caroline Harris,5049,https://cryptocurrencynews.com/daily-news/exchanges/crypto-exchange-traders-responsibility/
Coinbase Exchange Drains Accounts | Customers Left With Nothing,"Feb 16, 2018",Chelsea Roh,9866,https://cryptocurrencynews.com/coinbase-exchange-bank
Poloniex Exchange | Circle Inc Buys Crypto Exchange,"Feb 27, 2018",Jose Antonio Lanz,11427,https://cryptocurrencynews.com/daily-news/exchanges/poloniex-exchange-bought-circle-inc/
Cryptocurrency Exchanges | Fees Bring In Millions A Day,"Mar 6, 2018",Chelsea Roh,5129,https://cryptocurrencynews.com/daily-news/exchanges/cryptocurrency-exchanges/
Coinbase Crypto Index Fund | Coinbase Announces New Index Fund,"Mar 6, 2018",Samara Malkin,7801,https://cryptocurrencynews.com/daily-news/exchanges/coinbase-crypto-index-fund/
Canadian Cryptocurrency Exchange | Einstein to Tackle Fentanyl Crisis,"Mar 6, 2018",Caroline Harris,7704,https://cryptocurrencynews.com/daily-news/exchanges/canadian-cryptocurrency-exchange-einstein-fentanyl/
The US SEC To Allow Only Registered Cryptocurrency Exchanges,"Mar 8, 2018",Siraj Sarwar,7940,https://cryptocurrencynews.com/daily-news/exchanges/bitcoin-price-registering-exchanges/
Bittrex Announce Big News | Will Remove 82 Tokens,"Mar 17, 2018",Chelsea Roh,22689,https://cryptocurrencynews.com/daily-news/exchanges/bittrex-82-token-wallets/
"Coincheck | The Japanese Exchange Drops Monero, Dash, & Zcash","Mar 19, 2018",Samara Malkin,15567,https://cryptocurrencynews.com/daily-news/exchanges/coincheck-drops/
Binance Hack Update | Binance Offers Bounty for Information on Hackers,"Mar 20, 2018",Samara Malkin,15978,https://cryptocurrencynews.com/daily-news/exchanges/binance-hack-update-bounty-hackers/
Binance Receives Major Warning From Japan | What Next?,"Mar 22, 2018",Chelsea Roh,13037,https://cryptocurrencynews.com/daily-news/exchanges/binance-warning/
Bitstamp | Is South Korea Buying The Crypto Exchange?,"Mar 23, 2018",Samara Malkin,9522,https://cryptocurrencynews.com/daily-news/exchanges/bitstamp/
Get Ready Malta | Binance is Moving into Another Country,"Mar 23, 2018",Samara Malkin,10311,https://cryptocurrencynews.com/daily-news/exchanges/malta-binance/
Huobi Cryptocurrency Exchange | Soon To Launch In The United States,"Mar 26, 2018",Chelsea Roh,12645,https://cryptocurrencynews.com/daily-news/exchanges/huobi-exchange/
KuCoin Eliminates BCH | The Crypto Exchange Cut Ties with Bitcoin Cash,"Mar 27, 2018",Jose Antonio Lanz,7116,https://cryptocurrencynews.com/daily-news/exchanges/kucoin-eliminates-bch-platform/
Coinbase Adds ERC20 Support | Are Altcoins On The Way?,"Mar 27, 2018",Samara Malkin,9856,https://cryptocurrencynews.com/daily-news/exchanges/coinbase-adds-erc20-support/
OkEx Exchange | Price Manipulation Causes Widespread Panic,"Apr 2, 2018",Jose Antonio Lanz,8462,https://cryptocurrencynews.com/daily-news/exchanges/okex/
Coinbase Exchange to Launch New Venture Fund | ERC20 Tokens Next,"Apr 5, 2018",Chelsea Roh,12913,https://cryptocurrencynews.com/daily-news/exchanges/coinbase/
Japanese Regulators | Crypto Exchanges Suspended,"Apr 6, 2018",Samara Malkin,9384,https://cryptocurrencynews.com/daily-news/exchanges/japanese-regulators/
Bittrex Exchange is Now Accepting New Investors | Again,"Apr 12, 2018",Chelsea Roh,8558,https://cryptocurrencynews.com/daily-news/exchanges/bittrex-exchange-accepting-new-investors-again/
OKEx Will Move to Malta | Team Follows Binance and Announces Move,"Apr 12, 2018",Jose Antonio Lanz,6361,https://cryptocurrencynews.com/daily-news/exchanges/okex-move-malta/
Coinsecure Crypto Exchange Loses $3.5 Million | Blames Security Chief,"Apr 13, 2018",Samara Malkin,7324,https://cryptocurrencynews.com/daily-news/exchanges/coinsecure-crypto-exchange/
"Crypto Exchange Kraken | Closes its Doors to Japan, What's Going On?","Apr 17, 2018",Samara Malkin,8301,https://cryptocurrencynews.com/daily-news/exchanges/crypto-exchange-kraken-closes-doors-to-japan/
Coinbase Has Blocked Wikileaks | Whose Side Are You On?,"Apr 23, 2018",Samara Malkin,8236,https://cryptocurrencynews.com/daily-news/exchanges/coinbase-blocked-wikileaks/
U.S. Exchanges Carve a Niche in Crypto | Is This a Good Thing?,"Apr 25, 2018",Caroline Harris,12171,https://cryptocurrencynews.com/daily-news/exchanges/u-s-exchanges-carve-a-niche-in-crypto/
London Block Exchange | Adds Bitcoin Cash and Ethereum Classic,"May 1, 2018",Caroline Harris,8961,https://cryptocurrencynews.com/daily-news/exchanges/london-block-exchange/
The Top Crypto Exchange? | OKEx Has Now Surpassed Binance,"May 14, 2018",Samara Malkin,6946,https://cryptocurrencynews.com/daily-news/exchanges/okex-binance-top-crypto-exchange/
UpBit Found NOT Guilty for Fraud in Audit | Major Korean Exchange No Longer Under Fire,"May 15, 2018",Chelsea Roh,13813,https://cryptocurrencynews.com/daily-news/exchanges/upbit-raided-crypto-market-drops/
Four New Coinbase Products | Exchange to Attract Institutional Investors,"May 15, 2018",Samara Malkin,7331,https://cryptocurrencynews.com/daily-news/exchanges/four-new-coinbase-products/
eToro Set to Launch its own Crypto Exchange & Mobile Wallet | Expanding to U.S. Soon,"May 16, 2018",Chelsea Roh,11489,https://cryptocurrencynews.com/daily-news/exchanges/etoro-crypto-exchange-mobile-wallet/
Coincheck will Expand into the US | Japanese Crypto Exchange Growing,"May 18, 2018",Samara Malkin,14550,https://cryptocurrencynews.com/daily-news/exchanges/coincheck-expanding-into-us-market/
Huobi Pro 'Main Force' Crypto Market Index Announced | First of Many?,"May 23, 2018",Chelsea Roh,5366,https://cryptocurrencynews.com/exchanges/huobi-pro-crypto-market-index
Bithumb: Cryptocurrency Exchange Bans 11 Countries from its Platform,"May 28, 2018",Chelsea Roh,6020,https://cryptocurrencynews.com/exchanges/bithumb-cryptocurrency-exchange
Popular Crypto Exchanges | Which Exchange is for You? We List the Best!,"Jun 1, 2018",Samara Malkin,17272,https://cryptocurrencynews.com/popular-crypto-exchanges
SBI Holdings Crypto Exchange Launched | Don't Miss Out on This News!,"Jun 4, 2018",Caroline Harris,8579,https://cryptocurrencynews.com/sbi-holdings-crypto-exchange-launched
Huobi Token (HT) Jumps Nearly 60% - Huobi Group Releases Public Blockchain Plans,"Jun 6, 2018",Chelsea Roh,7310,https://cryptocurrencynews.com/exchanges/huobi-coin-ht-huobi-group
Binance Euro Trading Pairs | It's Happening this Year!,"Jun 11, 2018",Samara Malkin,10419,https://cryptocurrencynews.com/binance-euro-trading-pairs/
Coinbase Adding Ethereum Classic (ETC) | Support Coming Soon!,"Jun 12, 2018",Samara Malkin,13096,https://cryptocurrencynews.com/coinbase-adding-ethereum-classic/
"Ethereum(ETH), Bitcoin Cash, Litecoin(LTC) and Stellar(XLM) Added to Regulated Crypto Exchange itBit","Jun 14, 2018",Chelsea Roh,7120,https://cryptocurrencynews.com/ethereum-eth-bitcoin-cash-litecoin-ltc-stellar-xlm-itbit
Coinbase Index Fund | The Anticipated Fund is Now Open for Investment!,"Jun 14, 2018",Nicky Toor,7893,https://cryptocurrencynews.com/coinbase-index-fund
Thomson Reuters | To Track Sentiment Data of Top 100 Cryptocurrencies,"Jun 14, 2018",Nicky Toor,12430,https://cryptocurrencynews.com/Thomson-Reuters-sentiment-data
Bithumb Hacked for Over $31 Million USD - Crypto Market Rebounds,"Jun 20, 2018",Chelsea Roh,8806,https://cryptocurrencynews.com/bithumb-hacked-crypto-market-rebounds
FCoin Lists XRP and MIOTA | More Coins Coming Soon,"Jun 20, 2018",Caroline Harris,9603,https://cryptocurrencynews.com/fcoin-lists-xrp-and-miota/
Bithumb Hack Investors Repaid | $30 Million to be Returned,"Jun 21, 2018",Caroline Harris,11125,https://cryptocurrencynews.com/bithumb-hack-investors-repaid/
Japan Crypto Crack Down: FSA Flags 6 Native Cryptocurrency Exchanges,"Jun 22, 2018",Chelsea Roh,11239,https://cryptocurrencynews.com/exchanges/japan-crypto-crack-down
Huobi HBUS Signs Senior Meitu Exec Frank Fu as CEO for US Exchange,"Jun 25, 2018",Chelsea Roh,7986,https://cryptocurrencynews.com/exchanges/huobi-meitu-frank-fu
Binance Trading Resumes - Crypto Exchange Shares New Binance Info App,"Jun 26, 2018",Chelsea Roh,9789,https://cryptocurrencynews.com/binance-resumes-trading-new-info-app
"Bithumb Hack | $14 million worth of BTC, ETH, BCH, and XRP Stolen","Jun 28, 2018",Chelsea Roh,13952,https://cryptocurrencynews.com/bithumb-hack-14-million-stolen/
Facebook Acquiring Coinbase? | Rumors Afloat of Potential Interest,"Jun 28, 2018",Chelsea Roh,14633,https://cryptocurrencynews.com/facebook-acquiring-coinbase-rumors/
Binance Uganda | Fiat Crypto Exchange Launching in Uganda,"Jun 29, 2018",Chelsea Roh,18168,https://cryptocurrencynews.com/binance-uganda-fiat-crypto-exchange/
The Number of Exchange Heists is Growing | Be Vigilant with your Crypto!,"Jul 3, 2018",Maria Ohle,11108,https://cryptocurrencynews.com/exchange-heists
Zebpay Closes Fiat | Rupee Withdrawal & Deposit Halted in Crypto Ban,"Jul 4, 2018",Chelsea Roh,10754,https://cryptocurrencynews.com/zebpay-closes-fiat-india-crypto-ban/
Binance Trading Suspension | Trades Halt After SYS Trading Irregularities,"Jul 4, 2018",Chelsea Roh,12140,https://cryptocurrencynews.com/binance-trading-suspension-sys/
Huobi Australia | Huobi Global Expansion Continues Down Under,"Jul 5, 2018",Chelsea Roh,14705,https://cryptocurrencynews.com/huobi-australia/
Winklevoss Twins Hire NYSE Executive | Crypto and Financial Mash Up,"Jul 6, 2018",Caroline Harris,16055,https://cryptocurrencynews.com/winklevoss-twins-hire-nyse-executive/
Huobi Launches US Exchange HBUS | Platform is Open!,"Jul 6, 2018",Maria Ohle,16124,https://cryptocurrencynews.com/huobi-launches-us-exchange-hbus
Binance Donates to Japan Disaster Relief | Here's How You Can Help,"Jul 8, 2018",Caroline Harris,14385,https://cryptocurrencynews.com/binance-donates-japan-disaster-relief
Philippines Cryptocurrency Exchanges | Two More Added to the List!,"Jul 9, 2018",Chelsea Roh,13254,https://cryptocurrencynews.com/philippines-cryptocurrency-exchanges/
Coinbase App | Downloads are Dropping with Falling Cryptocurrency Hype,"Jul 11, 2018",Chelsea Roh,15782,https://cryptocurrencynews.com/coinbase-app-downloads-drop/
Bancor Hack | Crypto Exchange suffers $23.5 Million Theft,"Jul 11, 2018",Maria Ohle,18104,https://cryptocurrencynews.com/bancor-hack
Robinhood Exchange | Adds Support for Litecoin and Bitcoin Cash,"Jul 12, 2018",Maria Ohle,21532,https://cryptocurrencynews.com/robinhood-exchange-litecoin-bitcoin-cash
OKCoin in California | Another Crypto Exchange Moving to the US,"Jul 13, 2018",Chelsea Roh,15480,https://cryptocurrencynews.com/okcoin-in-california/
Coinbase Updating Coins? Stellar (XLM) & Cardano (ADA) Have Potential,"Jul 16, 2018",Chelsea Roh,12934,https://cryptocurrencynews.com/coinbase-updating-coins-stellar-cardano/
Coinbase Lists Securities | SEC Approves Coinbase for Offering Securities,"Jul 17, 2018",Chelsea Roh,13981,https://cryptocurrencynews.com/coinbase-lists-securities-sec-approved/
CoinMarketCap Addresses Issues | Reddit Opens Black Hole of Problems,"Jul 20, 2018",Chelsea Roh,24172,https://cryptocurrencynews.com/coinmarketcap-addresses-issues/
Binance Moves to South Korea | World's Largest Exchange is Taking Over,"Jul 24, 2018",Maria Ohle,16684,https://cryptocurrencynews.com/binance-moves-to-south-korea
Coinbase Crypto Gift Cards | A New Way to Spend Your Crypto!,"Jul 25, 2018",Chelsea Roh,16317,https://cryptocurrencynews.com/coinbase-crypto-gift-cards/
An ETF is Unlikely | According to Brian Kelly the SEC Won't Approve It in 2018,"Jul 26, 2018",Maria Ohle,21453,https://cryptocurrencynews.com/etf-unlikely-brian-kelly
Winklevoss Twins Get Second Rejection from SEC for Bitcoin ETF,"Jul 27, 2018",Maria Ohle,22971,https://cryptocurrencynews.com/winklevoss-twins-second-rejection-etf
"Huobi Lists Verge (XVG), Price Increases | More to Come?","Jul 31, 2018",Caroline Harris,20024,https://cryptocurrencynews.com/huobi-lists-verge/
Coinsquare | Adds Ripple (XRP) to it's Platform Ahead of US Expansion,"Aug 1, 2018",Maria Ohle,19345,https://cryptocurrencynews.com/coinsquare-adds-ripple-xrp
Robinhood Adds Support For Ethereum Classic | Pits Coinbase to the Post,"Aug 7, 2018",Maria Ohle,14594,https://cryptocurrencynews.com/Robinhood-adds-support-for-ethereum-classic
Crypto Exchange Ethfinex | Vote for the Next Coin Going on the Platform!,"Aug 9, 2018",Josh Li,14394,https://cryptocurrencynews.com/crypto-exchange-ethfinex-vote/
Crypto Trading Suadi Arabia | A Reminder of its Illegality,"Aug 13, 2018",Caroline Harris,13671,https://cryptocurrencynews.com/crypto-trading-saudi-arabia/
"Coinbase 50,000 New Users Daily in 2017 | Is it Actually Still Growing?","Aug 15, 2018",Chelsea Roh,19051,https://cryptocurrencynews.com/coinbase-continued-growth
Bithumb Makes $35 Million in Q1 and Q2 This Year Despite Earlier Hack,"Aug 23, 2018",Chelsea Roh,24024,https://cryptocurrencynews.com/bithumb-earns-despite-hack/
"Bitfinex & Ethfinex List New Coins | Autonio, Banyan Network, & Digix Gold","Aug 23, 2018",Chelsea Roh,26868,https://cryptocurrencynews.com/bitfinex-ethfinex-list-new-coins/
Brian Kelly ETF Prediction | Approval Will Be Most Likely In February 2019,"Aug 24, 2018",Maria Ohle,26697,https://cryptocurrencynews.com/brian-kelly-etf-prediction
Bithumb Will Reopen Account Registrations | New NH Bank Deal Underway,"Aug 29, 2018",Maria Ohle,17286,https://cryptocurrencynews.com/Bithumb-to-reopen-account-registrations
"Robinhood IPO | Trading Platform Wants To Go Public, Looking For A CFO","Sep 7, 2018",Maria Ohle,18165,https://cryptocurrencynews.com/robinhood-ipo
Gemini Stablecoin Launches as World First | Winklevoss Twins' Success,"Sep 10, 2018",Caroline Harris,16201,https://cryptocurrencynews.com/gemini-stablecoin-winklevoss-twins/
Security Tokens Trading Platform | Binance & Malta Stock Exchange MOU,"Sep 11, 2018",Maria Ohle,14148,https://cryptocurrencynews.com/security-tokens-trading-platform
Huobi Global Buys BitTrade | Acquires the Majority Stake,"Sep 12, 2018",Chelsea Roh,14573,https://cryptocurrencynews.com/huobi-global-buys-bittrade/
OKEx Founder Released from Custody and Denies Fraud,"Sep 12, 2018",Chelsea Roh,13813,https://cryptocurrencynews.com/okex-founder-denies-fraud/
Nasdaq Acquiring Cinnober | How Will this Help Crypto?,"Sep 17, 2018",Maria Ohle,12585,https://cryptocurrencynews.com/nasdaq-acquiring-cinnober/
Binance Crypto Exchange | Looking to Expand Globally,"Sep 19, 2018",Chelsea Roh,10863,https://cryptocurrencynews.com/binance-crypto-exchange-global-expansion/
"Zaif Exchange Hack | 6,000 Bitcoin Stolen but BTC Price Remains Steady","Sep 20, 2018",Maria Ohle,12922,https://cryptocurrencynews.com/zaif-exchange-hack/
Gemini Exchange | Winklevoss Twins Pushing into the UK Market,"Sep 24, 2018",Chelsea Roh,9174,https://cryptocurrencynews.com/gemini-exchange-uk-market/
Coinbase Altcoins | New Coins Coming to the World's Largest Exchange,"Sep 26, 2018",Maria Ohle,13868,https://cryptocurrencynews.com/coinbase-altcoins-coming-soon/
Binance Listing Fees | New Policy Gives Listing Fees to Charity,"Oct 9, 2018",Chelsea Roh,15646,https://cryptocurrencynews.com/binance-listing-fees-charity/
Coinbase Japan | Exec Says Crypto Crackdown in Country is Good Thing,"Oct 10, 2018",Chelsea Roh,19031,https://cryptocurrencynews.com/coinbase-japan-coming/
Bithumb Sells $350 Million Stake in Its Cryptocurrency Exchange,"Oct 12, 2018",Chelsea Roh,23681,https://cryptocurrencynews.com/bithumb-sells-350-million-stake/
New Stablecoins on OKEx | Find Out What They Are Here!,"Oct 15, 2018",Maria Ohle,15901,https://cryptocurrencynews.com/new-stablecoins-on-okex/
Zebpay | Relocating to Blockchain Island Due to Strict Regulations,"Oct 18, 2018",Maria Ohle,27883,https://cryptocurrencynews.com/zebpay-relocating-malta/
Coinbase BCH Insider Trading Case Dismissed by US Court,"Oct 25, 2018",Chelsea Roh,17292,https://cryptocurrencynews.com/coinbase-bch-insider-trading-dismissed/
Coinbase Funding | Exchange Now Valued at Over $8 Billion,"Oct 30, 2018",Maria Ohle,16544,https://cryptocurrencynews.com/coinbase-series-e-funding-round/
Coinbase will Add Nearly 300 Coins in the Next Year but Won't IPO,"Oct 31, 2018",Chelsea Roh,25248,https://cryptocurrencynews.com/coinbase-add-nearly-300-coins-next-year/
EtherDelta Founder Charged by SEC as an Unregistered Exchange,"Nov 9, 2018",Chelsea Roh,35729,https://cryptocurrencynews.com/sec-charges-etherdelta/
NEM (XEM) Trading Resumes on Coincheck Months After Hack,"Nov 13, 2018",Chelsea Roh,25643,https://cryptocurrencynews.com/nem-trading-resumes-coincheck/
IDEX List RedCab Token | Step Forward for Ride Sharing Company,"Nov 16, 2018",Aubrey Hansen,32219,https://cryptocurrencynews.com/idex-redcab-token-ride-sharing/
Bitrue | Crypto Exchange Holds 2% of XRP Market in Only Four Months,"Dec 17, 2018",Maria Ohle,26990,https://cryptocurrencynews.com/bitrue-dominates-xrp-market/
Coinbase Improves and Adds Crypto-to-Crypto Trading,"Dec 18, 2018",Chelsea Roh,26466,https://cryptocurrencynews.com/coinbase-adds-crypto-crypto-trading/
Coinbase Just Moved $5 Billion for Altcoin Expansion,"Dec 20, 2018",Chelsea Roh,38406,https://cryptocurrencynews.com/coinbase-5-billion-altcoin-expansion/
DX.Exchange | Nasdaq-Powered Crypto Exchange Offers Tokenized Stock,"Jan 3, 2019",Maria Ohle,22276,https://cryptocurrencynews.com/dxexchange-nasdaq-powered/
"Ethereum-Based ""Stock"" Exchange DX Plagued with Security Issues","Jan 11, 2019",Chelsea Roh,25755,https://cryptocurrencynews.com/ethereum-dx-exchange-security-issues/
Crypto Hack Takes Crypto Exchange Cryptopia Offline,"Jan 15, 2019",Chelsea Roh,21922,https://cryptocurrencynews.com/cryptopia-crypto-hack/
Binance Freezes Tokens from Hacked Cryptopia Exchange,"Jan 17, 2019",Maria Ohle,25568,https://cryptocurrencynews.com/binance-freezes-cryptopia-hack-tokens/
"Binance Launches OTC Trading Desk, Following Bittrex","Jan 24, 2019",Chelsea Roh,30118,https://cryptocurrencynews.com/binance-launches-otc-trading-desk/
Binance Accepts Credit Cards | Traders Can Buy Crypto With Credit Cards,"Jan 31, 2019",Maria Ohle,23130,https://cryptocurrencynews.com/binance-accepts-credit-cards/
QuadrigaCX Can't Access $190 Million in Crypto After Founder Dies,"Feb 4, 2019",Chelsea Roh,20682,https://cryptocurrencynews.com/quadrigacx-founder-dies-crypto-lost/
Coinbase Now Offers PayPal Withdrawals in Europe,"Feb 5, 2019",Chelsea Roh,20234,https://cryptocurrencynews.com/coinbase-paypal-withdrawals-europe/
"US Crypto Traders are the Most Active on Major Exchanges, Data Shows","Feb 6, 2019",Chelsea Roh,21107,https://cryptocurrencynews.com/us-crypto-traders-active-exchanges/
Coinbase Wallet Expanding with New Support for Bitcoin Cash,"Feb 20, 2019",Maria Ohle,11097,https://cryptocurrencynews.com/coinbase-wallet-bitcoin-cash-support/
QuadrigaCX Sends All Its Ether and Bitcoin to Ernst & Young Auditor,"Feb 21, 2019",Maria Ohle,17314,https://cryptocurrencynews.com/quadrigacx-sends-crypto-ernst-young/
OKEx C2C Platform Adds Ripple (XRP) and Bitcoin Cash (BCH),"Feb 22, 2019",Chelsea Roh,17523,https://cryptocurrencynews.com/okex-c2c-platform-ripple-bitcoin-cash/
Coinbase Pro FINALLY Adds Ripple and XRP Gets a Boost,"Feb 26, 2019",Chelsea Roh,12757,https://cryptocurrencynews.com/coinbase-pro-adds-ripple-xrp/
"The ""Lost"" QuadrigaCX Cryptocurrency Might Be on Exchanges After All","Mar 4, 2019",Chelsea Roh,11480,https://cryptocurrencynews.com/lost-quadrigacx-crypto-stored-exchanges/
Kraken Futures Trading Nears $1 Billion in First Month,"Mar 5, 2019",Chelsea Roh,9471,https://cryptocurrencynews.com/kraken-futures-trading-crypto-facilities/
Crypto News | OKEx Lists TRON and IBM Adds Two Blockchain Patents,"Mar 8, 2019",Chelsea Roh,8369,https://cryptocurrencynews.com/crypto-news-03-08-19/
3 Altcoins That Have Potential To Be The Next Ethereum Or Bitcoin,"Jul 10, 2017",Josh Li,6957,https://cryptocurrencynews.com/daily-news/crypto-news/3-altcoins-potential-next-ethereum-bitcoin/
A Crash in the Cryptocurrency Industry Might Actually Be a Good Thing,"Jul 12, 2017",Caroline Harris,671,https://cryptocurrencynews.com/daily-news/crypto-news/crash-cryptocurrency-industry-might-actually-good-thing/
A New Blockchain Allegiance: Circle Acquires Trigger Finance,"Oct 20, 2017",Jen Jiang,431,https://cryptocurrencynews.com/daily-news/crypto-news/a-new-blockchain-allegiance-circle-acquires-trigger-finance/
"Ether Prices Remain Strong, Despite Technical Headwinds","Oct 20, 2017",Jen Jiang,463,https://cryptocurrencynews.com/daily-news/crypto-news/ether-prices-remain-strong-despite-technical-headwinds/
"Taiwan Semiconductor Manufacturing Co. Reports Strong 3Q Revenue, Credits Cryptocurrency Mining","Oct 20, 2017",Jen Jiang,4938,https://cryptocurrencynews.com/daily-news/mining/tsmc-report-strong-3q-revenue-credits-cryptocurrency-mining/
Bitcoin Mining Operations Cause Blackouts,"Dec 11, 2017",Samara Malkin,7150,https://cryptocurrencynews.com/daily-news/mining/bitcoin-mining-operations-cause-blackouts/
Starbucks In Argentina Caught Mining On Customers Laptops Via Wifi,"Dec 13, 2017",Chelsea Roh,7101,https://cryptocurrencynews.com/daily-news/mining/starbucks-argentina-caught-mining-customers-laptops-via-wifi/
Sources Report Venezuelan Gov. Will Roll Out Online Registry for Bitcoin Mining,"Dec 15, 2017",Caroline Harris,6574,https://cryptocurrencynews.com/daily-news/mining/sources-report-venezuelan-gov-will-roll-out-online-registry-for-bitcoin-mining/
Hackers are Mining Cryptocurrency Off of Other People's Computers Using Video Websites,"Dec 15, 2017",Samara Malkin,5126,https://cryptocurrencynews.com/daily-news/mining/hackers-are-mining-cryptocurrency-off-of-other-peoples-computers-using-video-websites/
This Dubai-Based Firm Just Got Issued a Cease and Desist Order for its Bitcoin Mining Ploy,"Dec 21, 2017",Caroline Harris,4574,https://cryptocurrencynews.com/daily-news/mining/this-dubai-based-firm-just-got-issued-a-cease-and-desist-order-for-its-bitcoin-mining-ploy/
Is Human Body Energy The New Crypto Mining Power Solution?,"Dec 28, 2017",Chelsea Roh,6927,https://cryptocurrencynews.com/daily-news/mining/human-body-energy-new-crypto-mining-power-solution/
Time to Start Using Bitcoin Mining for the Sake of Science,"Dec 28, 2017",Samara Malkin,4643,https://cryptocurrencynews.com/daily-news/mining/time-to-start-using-bitcoin-mining-for-the-sake-of-science/
"Bitmain Considers Expanding Bitcoin Mining Into Quebec, Canada","Jan 15, 2018",Jackson Chen,7932,https://cryptocurrencynews.com/daily-news/bitmain-considers-expanding-bitcoin-mining-into-quebec-canada/
TRON (TRX): Justin Sun Is Talking The Talk but What's The Deal?,"Jan 15, 2018",Chelsea Roh,7779,https://cryptocurrencynews.com/daily-news/tron-trx-justin-sun-is-talking-the-talk-but-whats-the-deal/
"Bitcoin Higher, but Ripple, Ethereum, and Bitcoin Cash Plunge","Jan 15, 2018",Siraj Sarwar,3669,https://cryptocurrencynews.com/daily-news/bitcoin-higher-ripple-ethereum-and-bitcoin-cash-plunge/
"Verge (XVG) Up By 600% In One Month, Could It Be The Next Monero","Jan 15, 2018",Jackson Chen,13769,https://cryptocurrencynews.com/daily-news/crypto-news/verge-xvg-up-by-600-in-one-month-could-it-be-the-next-monero/
Bitcoin Fumbles After Renewed South Korean Concerns,"Jan 16, 2018",Siraj Sarwar,3237,https://cryptocurrencynews.com/daily-news/crypto-news/bitcoin-fumbles-after-renewed-south-korean-concerns/
"Bitcoin, Ethereum, Ripple, Cardano, Litecoin and the Entire Cryptocurrency Market Continue to Suffer Major Losses, Here's Why","Jan 16, 2018",Chelsea Roh,5369,https://cryptocurrencynews.com/daily-news/crypto-news/bitcoin-ethereum-ripple-cardano-litecoin-entire-cryptocurrency-market-continue-suffer-major-losses/
"Ripple Extends the Selloff, Down 66% from an All-Time High","Jan 16, 2018",Siraj Sarwar,3225,https://cryptocurrencynews.com/daily-news/crypto-news/ripple-extends-the-selloff-down-66-from-an-all-time-high/
"Bitcoin Fell below $10,000 Mark – Here’s Why?","Jan 17, 2018",Siraj Sarwar,875,https://cryptocurrencynews.com/daily-news/bitcoin-fell-below-10000-mark-heres-why/
Alibaba Launches Crypto Mining Platform Despite Chinese Government Restrictions,"Jan 17, 2018",Jackson Chen,7550,https://cryptocurrencynews.com/daily-news/alibaba-launches-crypto-mining-platform-despite-chinese-government-restrictions/
The Dramatic Cryptocurrency Selloff Wiped off $200B in Two Days,"Jan 17, 2018",Siraj Sarwar,3042,https://cryptocurrencynews.com/daily-news/the-dramatic-cryptocurrency-selloff-wiped-off-200b-in-two-days/
New Cryptocurrency Day Traders Are Losing Thousands but ICOs Are Thriving,"Jan 17, 2018",Chelsea Roh,3991,https://cryptocurrencynews.com/daily-news/new-cryptocurrency-day-traders-are-losing-thousands-but-icos-are-thriving/
BREAKING: Japan's Largest Bank Set To Open Crypto Exchange Despite Bear Market,"Jan 17, 2018",Chelsea Roh,4099,https://cryptocurrencynews.com/daily-news/exchanges/breaking-japans-largest-bank-set-to-open-crypto-exchange-despite-bear-market/
Coincheck Exchange Will Repay Hack Victims | Hackers Stole Over $500M,"Jan 30, 2018",Chelsea Roh,6940,https://cryptocurrencynews.com/daily-news/exchanges/breaking-coincheck-repay-exchange-hack/
Crypto Exchange | Traders Should Take Responsibility for Risk,"Feb 13, 2018",Caroline Harris,5051,https://cryptocurrencynews.com/daily-news/exchanges/crypto-exchange-traders-responsibility/
Coinbase Exchange Drains Accounts | Customers Left With Nothing,"Feb 16, 2018",Chelsea Roh,9867,https://cryptocurrencynews.com/coinbase-exchange-bank
Poloniex Exchange | Circle Inc Buys Crypto Exchange,"Feb 27, 2018",Jose Antonio Lanz,11431,https://cryptocurrencynews.com/daily-news/exchanges/poloniex-exchange-bought-circle-inc/
Cryptocurrency Exchanges | Fees Bring In Millions A Day,"Mar 6, 2018",Chelsea Roh,5130,https://cryptocurrencynews.com/daily-news/exchanges/cryptocurrency-exchanges/
Coinbase Crypto Index Fund | Coinbase Announces New Index Fund,"Mar 6, 2018",Samara Malkin,7813,https://cryptocurrencynews.com/daily-news/exchanges/coinbase-crypto-index-fund/
Canadian Cryptocurrency Exchange | Einstein to Tackle Fentanyl Crisis,"Mar 6, 2018",Caroline Harris,7717,https://cryptocurrencynews.com/daily-news/exchanges/canadian-cryptocurrency-exchange-einstein-fentanyl/
The US SEC To Allow Only Registered Cryptocurrency Exchanges,"Mar 8, 2018",Siraj Sarwar,7952,https://cryptocurrencynews.com/daily-news/exchanges/bitcoin-price-registering-exchanges/
Bittrex Announce Big News | Will Remove 82 Tokens,"Mar 17, 2018",Chelsea Roh,22705,https://cryptocurrencynews.com/daily-news/exchanges/bittrex-82-token-wallets/
"Coincheck | The Japanese Exchange Drops Monero, Dash, & Zcash","Mar 19, 2018",Samara Malkin,15581,https://cryptocurrencynews.com/daily-news/exchanges/coincheck-drops/
Binance Hack Update | Binance Offers Bounty for Information on Hackers,"Mar 20, 2018",Samara Malkin,15994,https://cryptocurrencynews.com/daily-news/exchanges/binance-hack-update-bounty-hackers/
Binance Receives Major Warning From Japan | What Next?,"Mar 22, 2018",Chelsea Roh,13050,https://cryptocurrencynews.com/daily-news/exchanges/binance-warning/
Bitstamp | Is South Korea Buying The Crypto Exchange?,"Mar 23, 2018",Samara Malkin,9526,https://cryptocurrencynews.com/daily-news/exchanges/bitstamp/
Get Ready Malta | Binance is Moving into Another Country,"Mar 23, 2018",Samara Malkin,10324,https://cryptocurrencynews.com/daily-news/exchanges/malta-binance/
Huobi Cryptocurrency Exchange | Soon To Launch In The United States,"Mar 26, 2018",Chelsea Roh,12658,https://cryptocurrencynews.com/daily-news/exchanges/huobi-exchange/
KuCoin Eliminates BCH | The Crypto Exchange Cut Ties with Bitcoin Cash,"Mar 27, 2018",Jose Antonio Lanz,7118,https://cryptocurrencynews.com/daily-news/exchanges/kucoin-eliminates-bch-platform/
Coinbase Adds ERC20 Support | Are Altcoins On The Way?,"Mar 27, 2018",Samara Malkin,9870,https://cryptocurrencynews.com/daily-news/exchanges/coinbase-adds-erc20-support/
OkEx Exchange | Price Manipulation Causes Widespread Panic,"Apr 2, 2018",Jose Antonio Lanz,8476,https://cryptocurrencynews.com/daily-news/exchanges/okex/
Coinbase Exchange to Launch New Venture Fund | ERC20 Tokens Next,"Apr 5, 2018",Chelsea Roh,12930,https://cryptocurrencynews.com/daily-news/exchanges/coinbase/
Japanese Regulators | Crypto Exchanges Suspended,"Apr 6, 2018",Samara Malkin,9400,https://cryptocurrencynews.com/daily-news/exchanges/japanese-regulators/
Bittrex Exchange is Now Accepting New Investors | Again,"Apr 12, 2018",Chelsea Roh,8571,https://cryptocurrencynews.com/daily-news/exchanges/bittrex-exchange-accepting-new-investors-again/
OKEx Will Move to Malta | Team Follows Binance and Announces Move,"Apr 12, 2018",Jose Antonio Lanz,6375,https://cryptocurrencynews.com/daily-news/exchanges/okex-move-malta/
Coinsecure Crypto Exchange Loses $3.5 Million | Blames Security Chief,"Apr 13, 2018",Samara Malkin,7327,https://cryptocurrencynews.com/daily-news/exchanges/coinsecure-crypto-exchange/
"Crypto Exchange Kraken | Closes its Doors to Japan, What's Going On?","Apr 17, 2018",Samara Malkin,8303,https://cryptocurrencynews.com/daily-news/exchanges/crypto-exchange-kraken-closes-doors-to-japan/
Coinbase Has Blocked Wikileaks | Whose Side Are You On?,"Apr 23, 2018",Samara Malkin,8250,https://cryptocurrencynews.com/daily-news/exchanges/coinbase-blocked-wikileaks/
U.S. Exchanges Carve a Niche in Crypto | Is This a Good Thing?,"Apr 25, 2018",Caroline Harris,12183,https://cryptocurrencynews.com/daily-news/exchanges/u-s-exchanges-carve-a-niche-in-crypto/
London Block Exchange | Adds Bitcoin Cash and Ethereum Classic,"May 1, 2018",Caroline Harris,8975,https://cryptocurrencynews.com/daily-news/exchanges/london-block-exchange/
The Top Crypto Exchange? | OKEx Has Now Surpassed Binance,"May 14, 2018",Samara Malkin,6958,https://cryptocurrencynews.com/daily-news/exchanges/okex-binance-top-crypto-exchange/
UpBit Found NOT Guilty for Fraud in Audit | Major Korean Exchange No Longer Under Fire,"May 15, 2018",Chelsea Roh,13825,https://cryptocurrencynews.com/daily-news/exchanges/upbit-raided-crypto-market-drops/
Four New Coinbase Products | Exchange to Attract Institutional Investors,"May 15, 2018",Samara Malkin,7345,https://cryptocurrencynews.com/daily-news/exchanges/four-new-coinbase-products/
eToro Set to Launch its own Crypto Exchange & Mobile Wallet | Expanding to U.S. Soon,"May 16, 2018",Chelsea Roh,11509,https://cryptocurrencynews.com/daily-news/exchanges/etoro-crypto-exchange-mobile-wallet/
Coincheck will Expand into the US | Japanese Crypto Exchange Growing,"May 18, 2018",Samara Malkin,14564,https://cryptocurrencynews.com/daily-news/exchanges/coincheck-expanding-into-us-market/
Huobi Pro 'Main Force' Crypto Market Index Announced | First of Many?,"May 23, 2018",Chelsea Roh,5368,https://cryptocurrencynews.com/exchanges/huobi-pro-crypto-market-index
Bithumb: Cryptocurrency Exchange Bans 11 Countries from its Platform,"May 28, 2018",Chelsea Roh,6022,https://cryptocurrencynews.com/exchanges/bithumb-cryptocurrency-exchange
Popular Crypto Exchanges | Which Exchange is for You? We List the Best!,"Jun 1, 2018",Samara Malkin,17274,https://cryptocurrencynews.com/popular-crypto-exchanges
SBI Holdings Crypto Exchange Launched | Don't Miss Out on This News!,"Jun 4, 2018",Caroline Harris,8629,https://cryptocurrencynews.com/sbi-holdings-crypto-exchange-launched
Huobi Token (HT) Jumps Nearly 60% - Huobi Group Releases Public Blockchain Plans,"Jun 6, 2018",Chelsea Roh,7346,https://cryptocurrencynews.com/exchanges/huobi-coin-ht-huobi-group
Binance Euro Trading Pairs | It's Happening this Year!,"Jun 11, 2018",Samara Malkin,10456,https://cryptocurrencynews.com/binance-euro-trading-pairs/
Coinbase Adding Ethereum Classic (ETC) | Support Coming Soon!,"Jun 12, 2018",Samara Malkin,13124,https://cryptocurrencynews.com/coinbase-adding-ethereum-classic/
"Ethereum(ETH), Bitcoin Cash, Litecoin(LTC) and Stellar(XLM) Added to Regulated Crypto Exchange itBit","Jun 14, 2018",Chelsea Roh,7167,https://cryptocurrencynews.com/ethereum-eth-bitcoin-cash-litecoin-ltc-stellar-xlm-itbit
Coinbase Index Fund | The Anticipated Fund is Now Open for Investment!,"Jun 14, 2018",Nicky Toor,7919,https://cryptocurrencynews.com/coinbase-index-fund
Thomson Reuters | To Track Sentiment Data of Top 100 Cryptocurrencies,"Jun 14, 2018",Nicky Toor,12466,https://cryptocurrencynews.com/Thomson-Reuters-sentiment-data
Bithumb Hacked for Over $31 Million USD - Crypto Market Rebounds,"Jun 20, 2018",Chelsea Roh,8851,https://cryptocurrencynews.com/bithumb-hacked-crypto-market-rebounds
FCoin Lists XRP and MIOTA | More Coins Coming Soon,"Jun 20, 2018",Caroline Harris,9637,https://cryptocurrencynews.com/fcoin-lists-xrp-and-miota/
Bithumb Hack Investors Repaid | $30 Million to be Returned,"Jun 21, 2018",Caroline Harris,11160,https://cryptocurrencynews.com/bithumb-hack-investors-repaid/
Japan Crypto Crack Down: FSA Flags 6 Native Cryptocurrency Exchanges,"Jun 22, 2018",Chelsea Roh,11252,https://cryptocurrencynews.com/exchanges/japan-crypto-crack-down
Huobi HBUS Signs Senior Meitu Exec Frank Fu as CEO for US Exchange,"Jun 25, 2018",Chelsea Roh,7999,https://cryptocurrencynews.com/exchanges/huobi-meitu-frank-fu
Binance Trading Resumes - Crypto Exchange Shares New Binance Info App,"Jun 26, 2018",Chelsea Roh,9801,https://cryptocurrencynews.com/binance-resumes-trading-new-info-app
"Bithumb Hack | $14 million worth of BTC, ETH, BCH, and XRP Stolen","Jun 28, 2018",Chelsea Roh,13965,https://cryptocurrencynews.com/bithumb-hack-14-million-stolen/
Facebook Acquiring Coinbase? | Rumors Afloat of Potential Interest,"Jun 28, 2018",Chelsea Roh,14647,https://cryptocurrencynews.com/facebook-acquiring-coinbase-rumors/
Binance Uganda | Fiat Crypto Exchange Launching in Uganda,"Jun 29, 2018",Chelsea Roh,18181,https://cryptocurrencynews.com/binance-uganda-fiat-crypto-exchange/
The Number of Exchange Heists is Growing | Be Vigilant with your Crypto!,"Jul 3, 2018",Maria Ohle,11120,https://cryptocurrencynews.com/exchange-heists
Zebpay Closes Fiat | Rupee Withdrawal & Deposit Halted in Crypto Ban,"Jul 4, 2018",Chelsea Roh,10766,https://cryptocurrencynews.com/zebpay-closes-fiat-india-crypto-ban/
Binance Trading Suspension | Trades Halt After SYS Trading Irregularities,"Jul 4, 2018",Chelsea Roh,12154,https://cryptocurrencynews.com/binance-trading-suspension-sys/
Huobi Australia | Huobi Global Expansion Continues Down Under,"Jul 5, 2018",Chelsea Roh,14731,https://cryptocurrencynews.com/huobi-australia/
Winklevoss Twins Hire NYSE Executive | Crypto and Financial Mash Up,"Jul 6, 2018",Caroline Harris,16067,https://cryptocurrencynews.com/winklevoss-twins-hire-nyse-executive/
Huobi Launches US Exchange HBUS | Platform is Open!,"Jul 6, 2018",Maria Ohle,16142,https://cryptocurrencynews.com/huobi-launches-us-exchange-hbus
Binance Donates to Japan Disaster Relief | Here's How You Can Help,"Jul 8, 2018",Caroline Harris,14398,https://cryptocurrencynews.com/binance-donates-japan-disaster-relief
Philippines Cryptocurrency Exchanges | Two More Added to the List!,"Jul 9, 2018",Chelsea Roh,13267,https://cryptocurrencynews.com/philippines-cryptocurrency-exchanges/
Coinbase App | Downloads are Dropping with Falling Cryptocurrency Hype,"Jul 11, 2018",Chelsea Roh,15798,https://cryptocurrencynews.com/coinbase-app-downloads-drop/
Bancor Hack | Crypto Exchange suffers $23.5 Million Theft,"Jul 11, 2018",Maria Ohle,18119,https://cryptocurrencynews.com/bancor-hack
Robinhood Exchange | Adds Support for Litecoin and Bitcoin Cash,"Jul 12, 2018",Maria Ohle,21547,https://cryptocurrencynews.com/robinhood-exchange-litecoin-bitcoin-cash
OKCoin in California | Another Crypto Exchange Moving to the US,"Jul 13, 2018",Chelsea Roh,15493,https://cryptocurrencynews.com/okcoin-in-california/
Coinbase Updating Coins? Stellar (XLM) & Cardano (ADA) Have Potential,"Jul 16, 2018",Chelsea Roh,12950,https://cryptocurrencynews.com/coinbase-updating-coins-stellar-cardano/
Coinbase Lists Securities | SEC Approves Coinbase for Offering Securities,"Jul 17, 2018",Chelsea Roh,13994,https://cryptocurrencynews.com/coinbase-lists-securities-sec-approved/
CoinMarketCap Addresses Issues | Reddit Opens Black Hole of Problems,"Jul 20, 2018",Chelsea Roh,24185,https://cryptocurrencynews.com/coinmarketcap-addresses-issues/
Binance Moves to South Korea | World's Largest Exchange is Taking Over,"Jul 24, 2018",Maria Ohle,16688,https://cryptocurrencynews.com/binance-moves-to-south-korea
Coinbase Crypto Gift Cards | A New Way to Spend Your Crypto!,"Jul 25, 2018",Chelsea Roh,16328,https://cryptocurrencynews.com/coinbase-crypto-gift-cards/
An ETF is Unlikely | According to Brian Kelly the SEC Won't Approve It in 2018,"Jul 26, 2018",Maria Ohle,21466,https://cryptocurrencynews.com/etf-unlikely-brian-kelly
Winklevoss Twins Get Second Rejection from SEC for Bitcoin ETF,"Jul 27, 2018",Maria Ohle,22986,https://cryptocurrencynews.com/winklevoss-twins-second-rejection-etf
"Huobi Lists Verge (XVG), Price Increases | More to Come?","Jul 31, 2018",Caroline Harris,20039,https://cryptocurrencynews.com/huobi-lists-verge/
Coinsquare | Adds Ripple (XRP) to it's Platform Ahead of US Expansion,"Aug 1, 2018",Maria Ohle,19349,https://cryptocurrencynews.com/coinsquare-adds-ripple-xrp
Robinhood Adds Support For Ethereum Classic | Pits Coinbase to the Post,"Aug 7, 2018",Maria Ohle,14607,https://cryptocurrencynews.com/Robinhood-adds-support-for-ethereum-classic
Crypto Exchange Ethfinex | Vote for the Next Coin Going on the Platform!,"Aug 9, 2018",Josh Li,14409,https://cryptocurrencynews.com/crypto-exchange-ethfinex-vote/
Crypto Trading Suadi Arabia | A Reminder of its Illegality,"Aug 13, 2018",Caroline Harris,13676,https://cryptocurrencynews.com/crypto-trading-saudi-arabia/
"Coinbase 50,000 New Users Daily in 2017 | Is it Actually Still Growing?","Aug 15, 2018",Chelsea Roh,19065,https://cryptocurrencynews.com/coinbase-continued-growth
Bithumb Makes $35 Million in Q1 and Q2 This Year Despite Earlier Hack,"Aug 23, 2018",Chelsea Roh,24036,https://cryptocurrencynews.com/bithumb-earns-despite-hack/
"Bitfinex & Ethfinex List New Coins | Autonio, Banyan Network, & Digix Gold","Aug 23, 2018",Chelsea Roh,26882,https://cryptocurrencynews.com/bitfinex-ethfinex-list-new-coins/
Brian Kelly ETF Prediction | Approval Will Be Most Likely In February 2019,"Aug 24, 2018",Maria Ohle,26712,https://cryptocurrencynews.com/brian-kelly-etf-prediction
Bithumb Will Reopen Account Registrations | New NH Bank Deal Underway,"Aug 29, 2018",Maria Ohle,17299,https://cryptocurrencynews.com/Bithumb-to-reopen-account-registrations
"Robinhood IPO | Trading Platform Wants To Go Public, Looking For A CFO","Sep 7, 2018",Maria Ohle,18181,https://cryptocurrencynews.com/robinhood-ipo
Gemini Stablecoin Launches as World First | Winklevoss Twins' Success,"Sep 10, 2018",Caroline Harris,16214,https://cryptocurrencynews.com/gemini-stablecoin-winklevoss-twins/
Security Tokens Trading Platform | Binance & Malta Stock Exchange MOU,"Sep 11, 2018",Maria Ohle,14161,https://cryptocurrencynews.com/security-tokens-trading-platform
Huobi Global Buys BitTrade | Acquires the Majority Stake,"Sep 12, 2018",Chelsea Roh,14585,https://cryptocurrencynews.com/huobi-global-buys-bittrade/
OKEx Founder Released from Custody and Denies Fraud,"Sep 12, 2018",Chelsea Roh,13827,https://cryptocurrencynews.com/okex-founder-denies-fraud/
Nasdaq Acquiring Cinnober | How Will this Help Crypto?,"Sep 17, 2018",Maria Ohle,12589,https://cryptocurrencynews.com/nasdaq-acquiring-cinnober/
Binance Crypto Exchange | Looking to Expand Globally,"Sep 19, 2018",Chelsea Roh,10878,https://cryptocurrencynews.com/binance-crypto-exchange-global-expansion/
"Zaif Exchange Hack | 6,000 Bitcoin Stolen but BTC Price Remains Steady","Sep 20, 2018",Maria Ohle,12946,https://cryptocurrencynews.com/zaif-exchange-hack/
Gemini Exchange | Winklevoss Twins Pushing into the UK Market,"Sep 24, 2018",Chelsea Roh,9185,https://cryptocurrencynews.com/gemini-exchange-uk-market/
Coinbase Altcoins | New Coins Coming to the World's Largest Exchange,"Sep 26, 2018",Maria Ohle,13884,https://cryptocurrencynews.com/coinbase-altcoins-coming-soon/
Binance Listing Fees | New Policy Gives Listing Fees to Charity,"Oct 9, 2018",Chelsea Roh,15664,https://cryptocurrencynews.com/binance-listing-fees-charity/
Coinbase Japan | Exec Says Crypto Crackdown in Country is Good Thing,"Oct 10, 2018",Chelsea Roh,19047,https://cryptocurrencynews.com/coinbase-japan-coming/
Bithumb Sells $350 Million Stake in Its Cryptocurrency Exchange,"Oct 12, 2018",Chelsea Roh,23697,https://cryptocurrencynews.com/bithumb-sells-350-million-stake/
New Stablecoins on OKEx | Find Out What They Are Here!,"Oct 15, 2018",Maria Ohle,15914,https://cryptocurrencynews.com/new-stablecoins-on-okex/
Zebpay | Relocating to Blockchain Island Due to Strict Regulations,"Oct 18, 2018",Maria Ohle,27903,https://cryptocurrencynews.com/zebpay-relocating-malta/
Coinbase BCH Insider Trading Case Dismissed by US Court,"Oct 25, 2018",Chelsea Roh,17296,https://cryptocurrencynews.com/coinbase-bch-insider-trading-dismissed/
Coinbase Funding | Exchange Now Valued at Over $8 Billion,"Oct 30, 2018",Maria Ohle,16548,https://cryptocurrencynews.com/coinbase-series-e-funding-round/
Coinbase will Add Nearly 300 Coins in the Next Year but Won't IPO,"Oct 31, 2018",Chelsea Roh,25263,https://cryptocurrencynews.com/coinbase-add-nearly-300-coins-next-year/
EtherDelta Founder Charged by SEC as an Unregistered Exchange,"Nov 9, 2018",Chelsea Roh,35746,https://cryptocurrencynews.com/sec-charges-etherdelta/
NEM (XEM) Trading Resumes on Coincheck Months After Hack,"Nov 13, 2018",Chelsea Roh,25664,https://cryptocurrencynews.com/nem-trading-resumes-coincheck/
IDEX List RedCab Token | Step Forward for Ride Sharing Company,"Nov 16, 2018",Aubrey Hansen,32235,https://cryptocurrencynews.com/idex-redcab-token-ride-sharing/
Bitrue | Crypto Exchange Holds 2% of XRP Market in Only Four Months,"Dec 17, 2018",Maria Ohle,27005,https://cryptocurrencynews.com/bitrue-dominates-xrp-market/
Coinbase Improves and Adds Crypto-to-Crypto Trading,"Dec 18, 2018",Chelsea Roh,26470,https://cryptocurrencynews.com/coinbase-adds-crypto-crypto-trading/
Coinbase Just Moved $5 Billion for Altcoin Expansion,"Dec 20, 2018",Chelsea Roh,38418,https://cryptocurrencynews.com/coinbase-5-billion-altcoin-expansion/
DX.Exchange | Nasdaq-Powered Crypto Exchange Offers Tokenized Stock,"Jan 3, 2019",Maria Ohle,22296,https://cryptocurrencynews.com/dxexchange-nasdaq-powered/
"Ethereum-Based ""Stock"" Exchange DX Plagued with Security Issues","Jan 11, 2019",Chelsea Roh,25760,https://cryptocurrencynews.com/ethereum-dx-exchange-security-issues/
Crypto Hack Takes Crypto Exchange Cryptopia Offline,"Jan 15, 2019",Chelsea Roh,21939,https://cryptocurrencynews.com/cryptopia-crypto-hack/
Binance Freezes Tokens from Hacked Cryptopia Exchange,"Jan 17, 2019",Maria Ohle,25586,https://cryptocurrencynews.com/binance-freezes-cryptopia-hack-tokens/
"Binance Launches OTC Trading Desk, Following Bittrex","Jan 24, 2019",Chelsea Roh,30152,https://cryptocurrencynews.com/binance-launches-otc-trading-desk/
Binance Accepts Credit Cards | Traders Can Buy Crypto With Credit Cards,"Jan 31, 2019",Maria Ohle,23148,https://cryptocurrencynews.com/binance-accepts-credit-cards/
QuadrigaCX Can't Access $190 Million in Crypto After Founder Dies,"Feb 4, 2019",Chelsea Roh,20718,https://cryptocurrencynews.com/quadrigacx-founder-dies-crypto-lost/
Coinbase Now Offers PayPal Withdrawals in Europe,"Feb 5, 2019",Chelsea Roh,20250,https://cryptocurrencynews.com/coinbase-paypal-withdrawals-europe/
"US Crypto Traders are the Most Active on Major Exchanges, Data Shows","Feb 6, 2019",Chelsea Roh,21195,https://cryptocurrencynews.com/us-crypto-traders-active-exchanges/
Coinbase Wallet Expanding with New Support for Bitcoin Cash,"Feb 20, 2019",Maria Ohle,11139,https://cryptocurrencynews.com/coinbase-wallet-bitcoin-cash-support/
QuadrigaCX Sends All Its Ether and Bitcoin to Ernst & Young Auditor,"Feb 21, 2019",Maria Ohle,17363,https://cryptocurrencynews.com/quadrigacx-sends-crypto-ernst-young/
OKEx C2C Platform Adds Ripple (XRP) and Bitcoin Cash (BCH),"Feb 22, 2019",Chelsea Roh,17609,https://cryptocurrencynews.com/okex-c2c-platform-ripple-bitcoin-cash/
Coinbase Pro FINALLY Adds Ripple and XRP Gets a Boost,"Feb 26, 2019",Chelsea Roh,12856,https://cryptocurrencynews.com/coinbase-pro-adds-ripple-xrp/
"The ""Lost"" QuadrigaCX Cryptocurrency Might Be on Exchanges After All","Mar 4, 2019",Chelsea Roh,12444,https://cryptocurrencynews.com/lost-quadrigacx-crypto-stored-exchanges/
Kraken Futures Trading Nears $1 Billion in First Month,"Mar 5, 2019",Chelsea Roh,10433,https://cryptocurrencynews.com/kraken-futures-trading-crypto-facilities/
Crypto News | OKEx Lists TRON and IBM Adds Two Blockchain Patents,"Mar 8, 2019",Chelsea Roh,10265,https://cryptocurrencynews.com/crypto-news-03-08-19/
Crypto News | SEC Rules ETH NOT Security; Binance Adds XRP,"Mar 12, 2019",Chelsea Roh,900,https://cryptocurrencynews.com/crypto-news-eth-security-binance-xrp/
3 Altcoins That Have Potential To Be The Next Ethereum Or Bitcoin,"Jul 10, 2017",Josh Li,6979,https://cryptocurrencynews.com/daily-news/crypto-news/3-altcoins-potential-next-ethereum-bitcoin/
A Crash in the Cryptocurrency Industry Might Actually Be a Good Thing,"Jul 12, 2017",Caroline Harris,672,https://cryptocurrencynews.com/daily-news/crypto-news/crash-cryptocurrency-industry-might-actually-good-thing/
A New Blockchain Allegiance: Circle Acquires Trigger Finance,"Oct 20, 2017",Jen Jiang,433,https://cryptocurrencynews.com/daily-news/crypto-news/a-new-blockchain-allegiance-circle-acquires-trigger-finance/
"Ether Prices Remain Strong, Despite Technical Headwinds","Oct 20, 2017",Jen Jiang,464,https://cryptocurrencynews.com/daily-news/crypto-news/ether-prices-remain-strong-despite-technical-headwinds/
"Taiwan Semiconductor Manufacturing Co. Reports Strong 3Q Revenue, Credits Cryptocurrency Mining","Oct 20, 2017",Jen Jiang,4941,https://cryptocurrencynews.com/daily-news/mining/tsmc-report-strong-3q-revenue-credits-cryptocurrency-mining/
Bitcoin Mining Operations Cause Blackouts,"Dec 11, 2017",Samara Malkin,7163,https://cryptocurrencynews.com/daily-news/mining/bitcoin-mining-operations-cause-blackouts/
Starbucks In Argentina Caught Mining On Customers Laptops Via Wifi,"Dec 13, 2017",Chelsea Roh,7102,https://cryptocurrencynews.com/daily-news/mining/starbucks-argentina-caught-mining-customers-laptops-via-wifi/
Sources Report Venezuelan Gov. Will Roll Out Online Registry for Bitcoin Mining,"Dec 15, 2017",Caroline Harris,6575,https://cryptocurrencynews.com/daily-news/mining/sources-report-venezuelan-gov-will-roll-out-online-registry-for-bitcoin-mining/
Hackers are Mining Cryptocurrency Off of Other People's Computers Using Video Websites,"Dec 15, 2017",Samara Malkin,5128,https://cryptocurrencynews.com/daily-news/mining/hackers-are-mining-cryptocurrency-off-of-other-peoples-computers-using-video-websites/
This Dubai-Based Firm Just Got Issued a Cease and Desist Order for its Bitcoin Mining Ploy,"Dec 21, 2017",Caroline Harris,4575,https://cryptocurrencynews.com/daily-news/mining/this-dubai-based-firm-just-got-issued-a-cease-and-desist-order-for-its-bitcoin-mining-ploy/
Is Human Body Energy The New Crypto Mining Power Solution?,"Dec 28, 2017",Chelsea Roh,6928,https://cryptocurrencynews.com/daily-news/mining/human-body-energy-new-crypto-mining-power-solution/
Time to Start Using Bitcoin Mining for the Sake of Science,"Dec 28, 2017",Samara Malkin,4645,https://cryptocurrencynews.com/daily-news/mining/time-to-start-using-bitcoin-mining-for-the-sake-of-science/
"Bitmain Considers Expanding Bitcoin Mining Into Quebec, Canada","Jan 15, 2018",Jackson Chen,7933,https://cryptocurrencynews.com/daily-news/bitmain-considers-expanding-bitcoin-mining-into-quebec-canada/
TRON (TRX): Justin Sun Is Talking The Talk but What's The Deal?,"Jan 15, 2018",Chelsea Roh,7791,https://cryptocurrencynews.com/daily-news/tron-trx-justin-sun-is-talking-the-talk-but-whats-the-deal/
"Bitcoin Higher, but Ripple, Ethereum, and Bitcoin Cash Plunge","Jan 15, 2018",Siraj Sarwar,3673,https://cryptocurrencynews.com/daily-news/bitcoin-higher-ripple-ethereum-and-bitcoin-cash-plunge/
"Verge (XVG) Up By 600% In One Month, Could It Be The Next Monero","Jan 15, 2018",Jackson Chen,13783,https://cryptocurrencynews.com/daily-news/crypto-news/verge-xvg-up-by-600-in-one-month-could-it-be-the-next-monero/
Bitcoin Fumbles After Renewed South Korean Concerns,"Jan 16, 2018",Siraj Sarwar,3239,https://cryptocurrencynews.com/daily-news/crypto-news/bitcoin-fumbles-after-renewed-south-korean-concerns/
"Bitcoin, Ethereum, Ripple, Cardano, Litecoin and the Entire Cryptocurrency Market Continue to Suffer Major Losses, Here's Why","Jan 16, 2018",Chelsea Roh,5376,https://cryptocurrencynews.com/daily-news/crypto-news/bitcoin-ethereum-ripple-cardano-litecoin-entire-cryptocurrency-market-continue-suffer-major-losses/
"Ripple Extends the Selloff, Down 66% from an All-Time High","Jan 16, 2018",Siraj Sarwar,3226,https://cryptocurrencynews.com/daily-news/crypto-news/ripple-extends-the-selloff-down-66-from-an-all-time-high/
Is The Cryptocurrency Market Entering A Mature Stage?,"Jan 16, 2018",Jackson Chen,4808,https://cryptocurrencynews.com/daily-news/is-the-cryptocurrency-market-entering-a-mature-stage/
